key,en,es,pt_BR
DLG16_1705090606,Of course...,Claro...,É claro…
DLG1_1725643091,"Hi, I need to buy a dish called Nacatamal...","Hola, necesito comprar un platillo llamado Nacatamal...","Olá, eu preciso comprar um prato chamado Nacatamal..."
DLG4_1705090606,"It's not like you care, right?","No es como si le importara, ¿verdad?","Isso não é como se importasse, não é mesmo?"
DLG32_1705071479,Thank you Nabig. You'd better hurry and go see Director Alessa in her office.,Gracias Nabig. Será mejor que te des prisa y vayas a ver a la Directora Alessa en su oficina.,Obrigado Nabig. Você deve se apressar e ver a Diretora Alessa no escritório dela.
DLG2_1712253339,The power of this Adeptis is much greater than that of her brother...,El poder de esa Adeptis es mucho mayor que el de su hermano...,O poder dessa Adeptis é muito maior do que o irmão dela…
DLG17_1690912410,You have to pay with your lives!,¡Ustedes tienen que pagar con sus vidas!,Vocês têm que pagar com suas vidas!
DLG30_1722530103,I'll wait for you inside.,Te espero adentro.,Esperarei por você lá dentro.
DLG74_1671137942,"Nabig, shall I help you out?","Nabig, ¿le ayudo a salir?","Nabig, posso te ajudar a sair?"
DLG25_1705071479,"Heh, heh, heh... I was just kidding.","Je, je, je... Solo estaba bromeando.","He, he, he... Eu estava brincando."
DLG8_1690912410,And today will be the day when I offer your head to Lord Trithemius.,Y hoy será el día en el que ofrezca tu cabeza al señor Trithemius.,E hoje será o dia quando eu ofereço sua cabeça à Vossa Eminência Lorde Trithemius.
DLG12_1705090606,"And since your intentions are in accordance with this duty, I have allowed you to go on your own.","Y ya que tus intenciones van acorde a este deber, es que he permitido que fueras por tu propia cuenta.","E desde suas intenções são de acordo com este dever, eu te permito ir por sua conta e risco."
DLG22_1712163955,What nonsense are you talking about?,¿Qué tonterías dices?,Mas que bobagens você está falando?
DLG22_1705010680,Can Elementary Circuits be upgraded?,¿Los Circuitos Elementales pueden ser mejorados?,Quer que os Circuitos Elementais sejam melhorados?
DLG23_1705004200,The day after the invasion in the city I found out that [color=yellow]only my daughter was kidnapped by the Ahuizotes.[/color].,Al día siguiente de la invasión en la ciudad me enteré que [color=yellow]solo mi hija fue raptada por los Ahuizotes.[/color],No dia após a invasão eu descobri que [color=yellow]apenas a minha filha foi raptada pelos Ahuizotes.[/color].
DLG34_1718897790,I guess... if I go back to the_outpost I could take a look.,Supongo... sí regreso a the_outpost podría echar un vistazo.,Eu acho... se eu eu voltar à the_outpost eu posso dar uma olhada.
DLG27_1690912410,I have no other choice...,No tengo otra opción...,Eu não tenho outra alternativa…
THANKS,Thank you.,Gracias.,Muito obrigado.
DLG15_1726500626,The Order took possession of this weapon and sealed it to prevent outside hands from taking possession of it.,La Orden se adueñó de esta arma y la selló para evitar que manos ajenas se adueñaran de ella.,A Ordem tomou posse desta arma e a selou para evitar que caísse em mãos erradas.
DLG3_1718664090,"I'll take it with me, maybe it will be useful.","Me lo llevaré, quizás sea de utilidad.","Levarei comigo, talvez será útil."
DLG7_1713547682,"What a lack of education, typical of a redneck.","Que falta de educación, típico de una persona palurda.","Mas que falta de educação, típico de uma pessoa sem modos."
DLG13_1705090606,Even shirking your responsibilities as an Official Alchemist.,Incluso evadiendo tus responsabilidades como Alquimista Oficial.,Mesmo fugindo de suas responsabilidades como uma Alquimista Oficial.
DLG2_1725643091,"I'm sorry, miss. We have run out of supplies to prepare food.",Lo siento señorita. Nos hemos quedado sin suministros para preparar comida.,"Me desculpe, senhorita. Estamos sem mantimentos para preparar comida."
DLG1_1671134583,"That mask... I've read about you... You are Eve, the [color=yellow]Adeptis primera[/color] of the Ahuizotes.","Esa máscara... he leído sobre ti. Eres Eve, la [color=yellow]Adeptis primera[/color] de los Ahuizotes.","Essa máscara...Eu li sobre você... Você é Eve, a [color=yellow]Adeptis primera[/color] dos Ahuizotes."
DLG9_1722530103,"With the information obtained so far, we have deduced that the second phase, the ""Albedo"" phase, was the first phase of the creation of the Opus Magnum.","Con la información obtenida hasta ahora, hemos deducido que la segunda fase de la creación del Opus Magnum, la fase ""Albedo"" se refiere a la ""luz primigenia"".","Com a informação obtida, nós deduzimos que a segunda fase chamada ""Albedo"", foi a primeira fase da criação de Opus Magnum."
DLG14_1712163955,Oh great... another Adeptis.,Lo que faltaba otra Adeptis...,"Oh, ótimo... outro Adeptis."
DLG13_1713547682,Lord Trithemius has told us about you.,El Señor Trithemius nos ha hablado de ti.,Vossa Eminência Trithemius nos contou sobre você.
DLG20_1677779048,Heat is the accelerated vibration of atoms.,El calor es la vibración acelerada de los átomos.,Calor é a vibração acelerada dos átomos.
DLG12_1722530103,"[color=yellow]From this light, the gods forged the world, shaping chaos and sculpting the earth, the sea and the heavens.[/color]","[color=yellow]De esta luz, los dioses forjaron el mundo, dando forma al caos y esculpiendo la tierra, el mar y los cielos.[/color]","[color=yellow]Dessa luz, os deuses conceberam o mundo, moldando o caos e esculpindo a terra, o mar e os céus.[/color]"
DLG17_1724085796,Huh?,¿Eh?,Huh?
DLG13_1718311861,And we will let the flames burn all traces of their heresy.,Y dejaremos que las llamas quemen todo rastro de su herejía.,E nós deixaremos as chamas queimarem todos os traços de sua heresia.
DLG1_1704732290,Finally you wake up Nabig...,Al fin despiertas Nabig...,Finalmente você acordou Nabig...
DLG14_1722530103,Yeah... What does that have to do with Jean Neumann?,Ya... ¿Y eso qué tiene que ver con Jean Neumann?,É... Mas o que isso tem a ver com Jean Neumann?
DLG7_1686779687,Are you in a play now or what?,¿Ahora participas en una obra de teatro o qué?,Você está treinando para ser atriz?
DLG28_1718897790,"I don't know. I found it while playing. On the box it says ""daguerreotype"".","No sé. Lo encontré mientras jugaba. En la caja dice ""daguerrotipo"".","Eu não sei. Eu encontrei enquanto brincava. Na caixa diz ""daguerreótipo""."
DLG29_1671136581,It's really a pity... but we can't help someone who doesn't admit their problems.,Es realmente una pena... pero no se puede ayudar a aquel que no admite su problema.,Realmente uma pena...mas nós não podemos ajudar quem não admite seus problemas.
DLG11_1671137942,I want everything to be like before...,Quiero que todo fuera como antes...,Eu quero tudo seja como antes…
DLG17_1722549314,So each element shows a different spectrum on that machine over there...,Así que cada elemento muestra un espectro diferente en esa máquina de ahí...,Então cada elemento mostra um espectro diferente naquela máquina…
DLG55_1705004200,"Right, I know I offered a reward.","Cierto, sé que ofrecí una recompensa.","Sim, eu sei que ofereci uma recompensa."
DLG20_1705090606,"Needless to say, a train station connecting the_core with the other cities will bring us benefits.",Está de más decir que una estación de tren que conecte a the_core con las demás ciudades nos traerá beneficios.,"Desnecessário dizer, uma estação de trem conectando the_core com as outras cidades nos trará benefícios."
DLG21_1690912410,How dare you call him that...,Cómo te atreves a llamarlo de esa manera...,Como você ousa chamá-lo assim…
DLG6_1726500626,What the hell are you talking about...,De qué rayos hablas...,De que diabos você está falando…
DLG2_1723066136,What is this machine?,¿Qué es esta máquina?,O que é esta máquina?
DLG4_1723066136,It is a device that allows to see the spectrum of the elements.,Es un dispositivo que permite ver el espectro de los elementos.,É um dispositivo que permite ver o espectro ótico dos elementos.
DLG10_1726518782,"But that doesn't make it invincible, we just need to make it reach its [color=yellow]fatigue limit[/color]!","Pero eso no lo hace invencible, ¡Solo necesitamos hacer que llegue a su [color=yellow]límite de fátiga[/color]!","Mas isso não faz invencível, nós apenas precisamos alcançar o [color=yellow]limite de fadiga[/color]!"
DLG8_1705075346,"Well, let's see what we can transmute...","Bien, veamos que podemos transmutar...","Bem, vamos ver o que nós podemos transmutar…"
DLG62_1671137942,That's not right.,Eso no está bien.,Isso não está certo.
DLG24_1712163955,Huh?,¿Eh?,Huh?
DLG20_1723667871,We could make a pact. You'd have a better shot at your goals.,Podríamos hacer un pacto. Tendrías más posibilidades de cumplir tus objetivos.,Poderíamos fazer um pacto. Você teria mais chances de atingir seus objetivos.
DLG69_1718897790,"Thank you for helping me find my kittens, Nabig. Still need to find [cats_need_rescue] though.","Gracias por ayudarme a encontrar a mis gatitos, señorita Nabig. Aunque todavía falta encontrar [cats_need_rescue].","Obrigado por me ajudar a encontrar meus gatos, Nabig. Ainda precisa encontrar [cats_need_rescue]."
DLG51_1671137942,Well... I hid from my instructors...,Bueno... vine a escondidas de mis instructores...,Bem... Eu vim escondido dos meus instrutores.
DLG1_1721926706,"Keep in mind — underwater, you've got limited air. Don't push it.","Al entrar bajo el agua, hay que tener en cuenta que una persona tiene un límite de resistencia pulmonar.","Quando entrar debaixo d'água, lembre-se que uma pessoa tem um limite de resistência pulmonar."
DLG20_1724085796,I was the only survivor of a group of children who went through cruel experiments done by the Ahuizotes.,Fui la única sobreviviente de un grupo de niños que pasaron por crueles experimentos hechos por los Ahuizotes.,Eu fui a única sobrevivente de um grupo de crianças que foram submetidas a cruéis experimentos feitos pelos Ahuizotes.
DLG2_1713547682,Hold it right there... What the hell do you think you're doing?,Alto ahí... ¿Qué demonios crees que haces?,Espere aí... O que diabos você pensa que está fazendo?
DLG7_1690912410,My name is Joseph Cavendish. I am the [color=yellow]Adeptis Sexto.[/color].,Mi nombre es Joseph Cavendish. Soy el [color=yellow]Adeptis Sexto.[/color],Meu nome é Joseph Cavendish. Eu sou o [color=yellow]Sexto Adeptis.[/color].
DLG19_1713547682,"Ha, ha, ha... I have other more important matters to attend to.","Ja, ja, ja... Tengo otros asuntos más importantes que atender.","Ha, ha, ha... Eu tenho outros assuntos mais importantes para tratar."
DLG26_1724085796,People exaggerate things.,La gente exagera las cosas.,As pessoas exageram nas coisas.
DLG8_1671137942,I can't...,No puedo...,Eu não consigo…
DLG8_1723066161,"Yes, I agree. That Neumann took the time to create this barrier... something important must be behind it...","Sí, estoy de acuerdo. Que Neumann se haya tomado el tiempo para crear esta barrera... algo importante debe haber detrás de ella...","Sim, concordo. Aquele Neumann tinha o tempo de criar essa barreira... algo importante deve estar atrás dela…"
DLG20_1686779687,"I'm just a scientist, it's not like I have money to spare...","Solo soy una científica, no es como si el dinero me sobrara...","Eu sou apenas uma cientista, não é como se eu tivesse dinheiro de sobra…"
DLG13_1671137942,"Come on, Nabig. Be strong!","Vamos Nabig, sé fuerte.","Vamos Nabig, seja forte."
DLG1_1674506987,This looks like Calcite ore... could be useful.,Esto parece ser mineral de [color=yellow]Calcita[/color]...,Isso parece ser um minério de [color=yellow]Calcita[/color]…
DLG8_1704732290,"A week?! Man, I've wasted enough time... That bastard john already bounced.",¿¡Una semana!? He perdido bastante tiempo... El maldito de john ha escapado...,Uma semana?! Perdi tempo o suficiente... Aquele maldito do john escapou…
DLG2_1726500626,john!,¡john!,john!
DLG3_1712764975,I prefer to avoid fatigue... But Lord Trithemius has ordered me to do so.,Prefiero evitar la fatiga... Pero el señor Trithemius me lo ha ordenado.,Eu prefiro evitar a fadiga... Mas Vossa Eminência Trithemius me ordenou fazer isso.
DLG13_1704732290,Nabig... at least get some more rest.,Nabig... por lo menos descansa un poco más.,Nabig... pelo menos descanse um pouco mais.
DLG22_1712768333,What the hell are they even talking about?,¿De qué rayos están hablando?,Do que diabos eles estão falando?
DLG69_1705090606,Thank you Nabig.,Gracias Nabig.,Obrigado Nabig.
DLG8_1726518782,Nah... he's too strong. Titanium Alchemist. My iron ain't breaking through that.,No... él es demasiado fuerte... Es un [color=yellow]Alquimista de Titanio.[/color] Mi hierro no puede atravesar sus defensas.,Não... ele é muito forte... Ele é um [color=yellow]Alquimista de Titânio.[/color] Meu ferro não consegue atravessar a defesa dele.
DLG2_1723066397,Place is a mess. Ahuizotes definitely hit this spot.,"Veo un desorden aquí, seguramente los Ahuizotes arrasaron con todo...","Está uma bagunça aqui, certamente os Ahuizotes destruíram tudo…"
DLG8_1712764975,He is a person full of kindness.,Es una persona llena de bondad.,Ele é uma pessoa de pura bondade.
DLG6_1719417607,So we can confirm that the Ahuizotes are not financially stable.,Así que podemos confirmar que los Ahuizotes no están estables económicamente.,Então podemos confirmar que os Ahuizotes não estão estáveis financeiramente.
DLG29_1706222258,Don't waste my time.,No pierdas mi tiempo.,Não perca meu tempo.
DLG19_1723066397,Is it really? That's unbelievable...,¿En serio? Eso es increíble...,É sério? Isso é inacreditável...
DLG1_1718664090,This is a medallion that has a series of notches on the back...,Este es un medallón que tiene una serie de muescas en la parte de atrás...,Esse medalhão possui uma série de entalhes na parte de trás…
DLG40_1705090606,Birstall? I haven't heard that name in years.,¿Birstall? Hace años que no escucho ese nombre.,Birstall? Não ouço esse nome há anos.
DLG16_1718748417,I don't know. I think I was asleep...,No... no lo sé... Creo que estaba dormido...,Eu não sei. Eu acho que estava dormindo…
DLG6_1705090606,"So, have you found anything interesting in the_outpost?","¿Y bien, has encontrado algo interesante en the_outpost?","Então, encontrou algo interessante em the_outpost?"
DLG15_1722530103,"As it turns out, he was close to achieving that primal light.",Pues resulta que él estaba cerca de conseguir esa luz primigenia.,"Pois bem, ele estava perto de obter a tal luz primordial."
DLG15_1712163955,"Doesn't matter. Beat your brother, I can handle you too.","No importa, he derrotado a tu hermano y puedo enfrentarme a ti también.","Não importa, eu derrotei seu irmão e posso enfrentar você também."
DLG23_1705090606,So don't waste time and go earn your paycheck.,Así que no pierdas tiempo y ve a ganarte el sueldo.,Então não perca tempo e vá ganhar o seu salário.
DLG60_1705090606,"But if that fog continues to cover the city, it could hinder our efforts. ",Pero si aquella niebla sigue cubriendo la ciudad podría entorpecer nuestros esfuerzos. ,"Mas se essa neblina continuar cobrindo a cidade, pode impedir nossos esforços."
DLG28_1690912410,I'll give you the reality check you need.,Te daré el golpe de realidad que necesitas.,Te darei um choque de realidade que você precisa.
DLG9_1723066397,"Is that a drawing? It's very well illustrated, it even looks real...","¿Eso es un dibujo? Está muy bien ilustrado, hasta parece real...","É um desenho? Está muito bem ilustrado, parece até real…"
DLG24_1712768333,"As brothers, Joseph and I have a greater power. A gift that was bestowed upon us with the blessing of Athos.","Como hermanos, Joseph y yo tenemos un poder mayor. Un don que nos fue atribuido con la bendición de Athos.","Como irmãos, Joseph e eu temos um grande poder. Um presente que nos foi concedido com a bênção de Athos."
DLG9_1726518782,Can't give up yet. Titanium's tough but it's got limits.,¡Todavía no se rinda! Puede ser cierto que el titanio tiene mayor dureza que el hierro.,Não desista ainda! Pode ser verdade que titânio é muito mais sólido do que o ferro.
DLG12_1723066397,"No Nabig, that's a photo.","No Nabig, eso es una foto.","Não Nabig, isto é uma foto."
DLG2_1675875857,"I must admit, you're a tough nut to crack.","Debo admitirlo, eres un hueso duro de roer.","Eu tenho que admitir, você é osso duro de roer."
DLG65_1671137942,"I know, but I had to come and help somehow.","Lo sé, pero tenía que venir a ayudar de alguna manera.","Eu sei, mas eu tenho que ir e ajudar de alguma forma."
DLG23_1705010680,"Yes, but different materials are required depending on the Circuit to be improved.","Así es, pero se requieren diferentes materiales dependiendo del Circuito a mejorar.","Sim, mas diferentes materiais são necessários dependendo do Circuito que será melhorado."
DLG11_1718311861,By the grace of Athos we have managed to hunt her down and capture her.,Por la gracia de Athos hemos conseguido darle caza y capturarla.,Pela Graça de Athos nós conseguimos persegui-la e capturá-la.
DLG33_1705090606,Do you have anything else to talk to me about?,¿Tienes algo más de lo que hablar conmigo?,Você tem algo a mais para falar comigo?
DLG10_1677779048,You got real potential. Don't waste it.,Tienes un gran potencial. No lo desperdicies.,Você tem muito potencial. Não desperdice.
DLG2_1709066034,"Haven't you forgotten something, Nabig?","¿No se te ha olvidado algo, Nabig?","Você não esqueceu de algo, Nabig?"
DLG28_1705004200,"Yes, of course.","Sí, claro.","Sim, claro."
DLG22_1706222258,"But of all the innocent people around us, I can incinerate them before you can transmute your whip.","Sino de todas las inocentes personas que nos rodean, puedo incinerarlos antes de que puedas transmutar tu látigo.","Mas sim todas as pessoas inocentes ao nosso redor, eu posso incinerá-los antes que você possa transmutar seu chicote."
DLG14_1726500626,A weapon capable of destroying entire countries. It posed such a threat that even trying to destroy it was too dangerous.,Un arma capaz de destruir países enteros. Representaba una amenaza que incluso el intentar destruirlo era demasiado peligroso.,Uma arma capaz de destruir países inteiros. A ameaça é tão grande que até destruí-la é muito arriscado.
DLG3_1726500626,"After years of research, I have finally found the Order's best kept secret.","Tras años de investigación, finalmente he encontrado el secreto mejor guardado de La Orden.","Após anos de investigação, finalmente encontrei o segredo mais bem guardado d’A Ordem."
DLG45_1705090606,"But if you investigate all the documents found, there is no mention of him, only [color=yellow]Hermes Trimegistus[/color].","Pero si investigas todos los documentos encontrados, no se hace mención a él. Sino a [color=yellow]Hermes Trimegisto.[/color]","Mas se você investigar todos os documentos encontrados, não há nenhuma menção dele, apenas [color=yellow]Hermes Trimegistus[/color]."
DLG29_1718897790,Ah... I understand...,Ah... entiendo...,Ah... Entendo…
DLG3_1718387263,"Whatever they're planning, I'm not letting them pull it off.","Sea lo que sea que tengan en mente, debo evitar que logren crearlo.","O que quer que eles tenham em mente, eu devo impedir que criem isso."
DLG16_1724085796,Because I want to kill someone.,Porque quiero matar a alguien.,Porque eu quero matar alguém.
DLG25_1722549314,Maybe yes or maybe no...,Puede ser que sí o tal vez no...,"Talvez sim, talvez não…"
DLG44_1705004200,Okay... sorry.,Está bien... perdón.,Tudo bem... me desculpe.
DLG19_1690912410,I see... you are Henry Cavendish's son.,Ya veo... eres el hijo de Henry Cavendish.,Eu entendo... você é filho de Henry Cavendish.
DLG7_1723066136,Near the machine you have a [color=yellow]Elemental Iron Sample[/color] Try to use the machine and see what is the spectrum of your element.,Cerca de la maquina tienes una [color=yellow]Muestra de Hierro elemental[/color] Prueba a usar la máquina y ver cual es el espectro de tu elemento.,Próximo da máquina você tem uma [color=yellow]Amostra de Ferro Elemental[/color] Tente usar a máquina e ver o espectro de seu elemento.
DLG1_1677711345,He's propelling himself into the air with a gun?,¿Él se está propulsando en el aire con una pistola?,Ele está se impulsionando no ar com uma arma?
DLG17_1690912429,"That's right, I have the power to generate so much heat to melt iron.",Así es. Tengo el poder de generar tanto calor para fundir el hierro.,"Exato, eu tenho o poder de gerar tanto calor que posso derreter o ferro."
DLG16_1718312954,"When he orders it, we will meet again to prove him that I am better...","Cuando él lo ordene, nos volveremos a encontrar para demostrarte que soy mejor...","Quando ele ordena, nós encontraremos novamente para prová-lo que eu sou melhor…"
DLG58_1718897790,"It might be worth some money. Fine, I'll take it.","Podría valer algo de dinero. Bien, lo acepto.","Isto pode valer algum dinheiro. Tudo bem, eu aceito."
DLG2_1706224082,What are you up to?,¿Qué es lo que tramas?,O que você está tramando?
DLG68_1705090606,Well...,Bien...,Bem…
DLG61_1705090606,"That's what I'll take care of, I'll look for a way to go deeper into the city and find out who's responsible.","De eso me encargaré yo, buscaré la manera de adentrame más a fondo en la ciudad y acabar con el responsable.","Disto eu me encarregarei, procurarei uma forma de me infiltrar a fundo na cidade e achar quem é o responsável."
DLG6_1722549314,It refers to the Alchemists who were the founders of The Order.,Se refiere a los Alquimistas que fueron los fundadores de La Orden.,Se refere aos Alquimistas que foram os fundadores d’A Ordem.
DLG3_1723066397,Papers and books all over the floor...,Hay papeles y libros tirados por doquier...,Há papeis e livros espalhados por todo o canto…
DLGIMUSTUSECARBON,I should use the Carbon alloy...,Debería usar la aleación de Carbono...,Eu deveria usar a liga de Carbono…
DLG25_1718748417,"Huh? Yes, that's my name, how do you know it?","¿Eh? Sí, ese es mi nombre, ¿cómo lo sabe?","Huh? Sim, esse é meu nome, como você sabe?"
DLG15_1705004200,And of course I will give you a reward.,Y por supuesto que le daré una recompensa.,"E é claro, te darei uma recompensa."
DLG8_1690912429,It will be a real problem if he manages to improve his skills...,Será un verdadero problema si consigue mejorar sus habilidades...,Isso será um risco real se ele melhorar suas habilidades…
DLG3_1723667777,"Whoever you are, show yourself right now!","Quienquiera que seas, ¡Muéstrate ahora mismo!","Seja lá quem for, apareça agora!"
DLG18_1723066397,"In short, it is a device that allows capturing images of our reality and capturing them on copper plates.",En pocas palabras es un dispositivo que permite capturar imágenes de nuestra realidad y plasmarlas en placas de cobre.,"Em resumo, é um dispositivo que nos permite capturar imagens da nossa realidade em placas de cobre."
DLG74_1718897790,"So if you don't mind, I have nothing else to talk to you about.","Así que si no te importa, no tengo nada más de lo que hablar contigo.","Então se não se importa, não tenho mais nada a dizer a você."
DLG20_1690912410,An Aristocrat who was just another pawn of john.,Un Aristócrata que solo era un peón más de john.,Um Aristocrata que não se passava de outra marionete de john.
ROTTENCHICKENWALLOBTAINED,Why is there a chicken leg on the wall...,Qué demonios hace una pierna de pollo en la pared...,Mas que diabos uma coxa de frango está fazendo numa parede…
DLG6_1723066161,This prevents the barrier from opening unless certain conditions specified by the barrier's creator are met.,"Esto evita que la barrera se abra, a menos que se cumplan con algunas condiciones especificadas por quien la creó.",Isso previne a barreira de se abrir a menos que certas condições especificadas pelo criador da barreira são atendidas.
DLG2_1712764975,So you finally decided to confront me.,Así que al fin te decidiste a enfrentarme.,Então você finalmente decidiu me confrontar.
DLG53_1718897790,"Now I can rest easy knowing that Niña, Pinta and Santamaría are safe.","Ahora podré estar tranquila sabiendo que Niña, Pinta y Santamaría están a salvo.","Agora eu posso ficar tranquila sabendo que Niña, Pinta e Santamaría estão a salvo."
DLG21_1718897790,What?,¿Qué?,O que?
DLG4_1709066034,If you hurry you will be able to catch the train before it leaves the station.,Si te das prisa podrás alcanzar el tren antes de que salga de la estación.,Se você se apressar você conseguirá pegar o trem antes de partir.
DLG11_1726500626,"Ignorant fool, this is the proof that proves it.","Ignorante, esta es la prueba que lo demuestra.","Ignorante, esta é a prova."
DLG40_1671137942,"Nabig, thank goodness... How are you feeling?",Nabig... menos mal... ¿Cómo se siente?,Nabig...ainda bem…Como está se sentindo?
DLG5_1671134583,I came looking for john. Tell me where he is. Now.,"He venido en busca del desgraciado de john, dime dónde está ahora.","Eu estou à procura do john, aquele desgraçado. Me diga onde ele está agora."
DLG61_1671137942,(What a strange kid.),(Qué chico tan raro.),(Que jovem estranho.)
DLG1_1679006366,"Demo finished, thank you very much for playing!",Demo terminada. ¡Muchas gracias por jugar!,Demo finalizada. Muito obrigado por jogar!
DLG16_1671137942,I'm trying hard to carry out their orders...,Me estoy esforzando para cumplir sus ordenes...,Estou tentando seriamente em cumprir as ordens…
DLG25_1671136581,I'm here to finish you.,Estoy aquí para acabar contigo.,Estou aqui para acabar com você.
DLG12_1686779687,I will stay here a little longer before returning to the lab.,Seguiré aquí un poco más antes de regresar al laboratorio.,Ficarei por aqui um pouco mais antes de voltar ao laboratório.
DLG59_1718897790,"That's it, I have other things to do.","Eso es todo, tengo otras cosas que hacer.","É isso, eu tenho outras coisas para fazer."
DLG59_1705004200,"Once again, thank you very much Nabig.","Una vez más, muchas gracias señorita Nabig.","Mais uma vez, muito obrigado Nabig."
DLG20_1712163955,Having come this far has completely exhausted me...,El haber llegado hasta aquí me ha agotado completamente...,Chegar até aqui me deixou completamente exausto…
DLG11_1705004200,"Stop, I did not say that I accept to help you.","Alto, yo no he dicho que acepto ayudarlo.","Pare, Eu não disse que eu aceito te ajudar."
DLG21_1722549314,Understood.,Entendido.,Entendido.
DLG9_1726523748,That's enough! You've exhausted my patience!,¡Suficiente! ¡Han terminado con mi paciencia!,Já chega! Você esgotou a minha paciência!
DLG8_1706224082,(I don't think he is an Adeptis... he must be some charlatan).,(No creo que sea un Adeptis... debe ser algún charlatán).,(Eu não acho que ele é um Adeptis... Deve ser um charlatão).
DLG52_1705090606,The citizens of Birstall have prevented the entry of our Alchemists because of our differences in ideologies.,Los ciudadanos de Birstall han impedido la entrada de nuestros Alquimistas por nuestras diferencias de ideologías.,Os cidadãos de Birstall proibiram a entrada de nossos Alquimistas por conta de nossas divergências ideológicas.
DLG10_1726500626,Don't come at me with that nonsense. I don't care what you tell your followers.,"No me vengas con patrañas, no me interesa saber las estúpideces que les inventas a tus seguidores.","Não me venha com essa besteira, não me interesso pelas bobagens que você criou aos seus seguidores."
DLG6_1671134583,You little brat... how dare you speak that way about our Lord?,Mocoso... cómo te atreves a hablar de esa manera de nuestro Señor.,Seu pirralho... como ousa falar dessa maneira sobre o nosso Senhor?
DLG11_1690912429,No... this is just the beginning.,No... esto apenas comienza.,Não... este é apenas o começo.
DLG13_1723066397,A photo? ... ... ... what?,¿Una foto? ... ... ... ¿qué?,Uma foto? ... ... ... o que?
DLG14_1671133094,"No promises. I'll go ahead, you wait for reinforcements to arrive.","No prometo nada. Seguiré adelante, tú espera a que lleguen los refuerzos.","Sem promessas. Eu vou na frente, você espera os reforços chegarem."
DLG19_1718897790,What is it about?,¿De qué trata?,Do que se trata?
DLG75_1718897790,I understand... a great Alchemist like you must be very busy...,Entiendo... un gran Alquimista como usted debe estar muy ocupado...,Entendo... um grande Alquimista como você deve estar muito ocupado…
DLG23_1712768333,We still have a chance against you.,Todavía tenemos una oportunidad contra ti.,Nós ainda temos uma chance contra você.
DLG18_1705071479,Remember to stop by the lab from time to time if you want to transmute something.,Recuerda pasar de vez en cuando al laboratorio si quieres transmutar algo.,Lembre-se de passar no laboratório de vez em quando se você quiser transmutar algo.
ALESSALETTER1,"Nabig, congratulations on your promotion to Official Alchemist.","Nabig, felicitaciones por tu ascenso a Alquimista Oficial.","Nabig, parabéns pela sua promoção para Alquimista Oficial."
DLG15_1719417607,I don't know what relationship there is between what happened that time and whatever the Ahuizotes are doing now.,"No lo creo, no sé qué relación haya entre lo que pasó aquella vez y lo que sea que estén haciendo ahora los Ahuizotes.",Eu não sei que relação existe entre o que aconteceu naquela época com o que os Ahuizotes estão fazendo agora.
DLG2_1723844799,Nabig!,¡Nabig!,Nabig!
ALESSALETTER2,"This is a big step for your career as an Alchemist, although you don't care about that, I guess...","Este es un gran paso para tu carrera como Alquimista, aunque eso no te interesa parece...","Esse é um grande passo para a sua carreira como uma Alquimista, apesar de que você não se importa com isso, eu presumo…"
DLG30_1723066397,Is that him? The boy I was with that time?,¿¡Acaso es él!? El niño con quien estuve aquella vez...,Não é ele? O garoto com que eu estava naquela vez?
ALESSALETTER3,"Anyway, tonight you will be assigned to an emergency mission...","En fin, esta noche serás asignada a una misión de emergencia...","Em todo o caso, nessa noite você será designada para uma missão de emergência…"
ALESSALETTER4,A demon invasion has been reported in the city of the_outpost.,Se ha reportado una invasión de demonios en la ciudad de the_outpost.,Uma invasão de demônios foi comunicada na cidade de the_outpost.
DLG7_1671133094,I don't know! It happened suddenly...,¡No lo sé! Sucedió de repente...,Eu não sei! Aconteceu tão repentinamente…
DLG9_1719417607,Unfortunately we lost a promising Alchemist who was undercover.,Lamentablemente perdimos a una prometedora Alquimista quien estaba como infiltrada.,Infelizmente nós perdemos uma promissora Alquimista que estava infiltrada.
ALESSALETTER5,"According to the information I have received, there are Ahuizotes involved. Maybe you'll find something you're looking for...","Según la información que he recibido, hay Ahuizotes involucrados. Quizás encuentres algo que buscas...","De acordo com a informação que recebi, há o envolvimento dos Ahuizotes. Talvez você encontrará algo que esteja procurando…"
DLG3_1706224082,Huh? I just have in mind to eat my fill.,¿Eh? Solo tengo en mente comer hasta reventar.,O que? Eu só tenho em mente comer até me satisfazer.
ALESSALETTER6,"You'll thank me later, and by thanking me, I mean you'll owe me a favor.","Ya me lo agradecerás luego, y con agradecerme quiero decir que me deberás un favor.","Você me agradecerá depois, digo que você me deve um favor."
ALESSALETTER7,"Alessa Bollstad
---
Director of The Order.","Alessa Bollstad
---
Directora de La Orden.","Alessa Bollstad
---
Diretora d’A Ordem."
DLG12_1719417607,It strikes me that what happened in Transylvania has helped them with their plans...,Me llama la atención que lo que pasó en Transilvania les haya ayudado con sus planes...,O que me chama a atenção é sobre o que aconteceu na Transilvânia que ajudou nos planos deles...
DLG10_1725643091,What is the merchant's route?,¿Cual es la ruta del comerciante?,Qual é a rota do comerciante?
DLG4_1713547682,"If you have made it this far, it is because you have defeated all the Ahuizotes who served me.","Si has logrado llegar hasta aquí, es porque has derrotado a todos los Ahuizotes que me servían.","Se você chegou até aqui, é porque derrotou todos os Ahuizotes que me serviam."
DLG10_1704732290,That blind selfishness will not bring you any good...,Ese ciego egoísmo no te traerá nada bueno...,Esse egoísmo cego não te trará nada de positivo…
DLG12_1713547682,That's right. You'd better remember that.,Así es. Más te vale recordarlo.,Correto. É melhor se lembrar disto.
DLG2_1709065925,Nabig... finally I find you.,Nabig... por fin te encuentro.,Nabig... finalmente te encontrei.
DLG19_1718312954,Soon he will see that only I am needed...,Pronto el señor Trithemius verá que solo a mí me necesita...,Em breve a Vossa Eminência verá que apenas a mim ele necessita…
DLG11_1718312954,What do you mean?,¿A qué te refieres?,Como assim?
DLG17_1713547682,I don't see myself staying here much longer.,No veo favorable el quedarme aquí mucho más tiempo.,Não me vejo ficando aqui por muito mais tempo.
DLG9_1724085796,I promised my mother that I would be an Official Alchemist.,Le prometí a mi madre que sería un Alquimista Oficial.,Prometi à minha mãe que seria um Alquimista Oficial.
DLG24_1724085796,"Sorry to disappoint you, not all of us have noble intentions like you.","Lamento decepcionarte, no todos tenemos nobles intenciones como tu.","Desculpe por te desapontar, não são todos de nós tem nobres intenções como você."
DLG12_1718748417,What... what happened?,Qué... ¿qué ha pasado?,O que... o que aconteceu?
DLG14_1690912429,What do you mean?,¿A qué te refieres?,Como assim?
DLG12_1724085796,"If that's the decision you made, all that's left is to move on, I guess...","Si es la decisión que tomaste, solo queda seguir adelante, supongo...","Se essa foi a decisão que você tomou, só falta seguir em frente, eu acho…"
DLG17_1712768333,"Congratulations Brother, I knew you would make it.","Felicidades Hermano, sabía que lo lograrías.","Parabéns Irmão, eu sabia que você conseguiria."
DLG22_1718897790,My father said that during the demon invasion my kittens were lost.,Mi padre dijo que durante la invasión de los demonios mis gatitos se perdieron.,Meu pai disse que durante a invasão de demônios meus gatos se perderam.
DLG24_1705071479,"What? Of course not, that's disgusting.","¿Qué? Por supuesto que no, eso es asqueroso.","O que? Claro que não, isso é asqueroso."
DLG36_1723066397,"Nabig, what's up?","Nabig, ¿qué pasa?","Nabig, o que houve?"
DLG10_1718897790,That's right,Así es,Isso mesmo
DLG4_1726500626,What on earth have you done?,¿Qué demonios has hecho?,O que diabos você fez?
DLG5_1705090606,It is part of the formalities.,Es parte de las formalidades.,É parte das formalidades.
DLG10_1677104432,When fear paralyzed me...,Cuando el miedo me paralizó...,Quando o medo me paralisou...
DLG11_1712764975,So I will do my best to get this over with quickly.,Por lo que haré mi mejor esfuerzo para acabar con esto rápidamente.,Então eu darei o meu melhor para acabar com isso rapidamente.
DLG12_1705075346,"[color=yellow]Although it is currently out of stock[/color], you will have to wait a while for the store to replenish its inventory.","[color=yellow]Aunque en este momento está agotado[/color], tendrás que esperar un tiempo para que la tienda reponga su inventario.","[color=yellow]Apesar de estar esgotado atualmente[/color], você terá que esperar por um tempo até a loja reabastecer seu inventário."
DLG54_1671137942,So you're disobeying orders...,Con que estás desobedeciendo ordenes...,Então está desobedecendo ordens…
DLG2_1724085796,"Ah, you're the_outpost's boy.","Ah, eres el chico de the_outpost.","Ah, você é o rapaz de the_outpost."
DLG25_1712768333,"I must leave, the next time we meet, it will be the last.","Debo retirarme, la próxima vez que nos veamos, será la última.","Eu devo me retirar, a próxima vez que nos encontrarmos, será a última."
DLG33_1705010680,"It is the house specialty, you should try it.","Es la especialidad de la casa, deberías probarla.","É a especialidade da casa, você deveria provar."
DLG11_1726518782,Quickly Nabig! With my lead bullets and your iron we'll make his titanium defense break!,¡Rápido señorita Nabig! ¡Con mis balas de plomo y su hierro haremos que su defensa de titanio se rompa!,Rápido Nabig! Com minhas balas de chumbo e o ferro nós conseguiremos quebrar a defesa de titânio.
DLG28_1719417607,"Thank you for your collaboration Nabig, you can retire and continue with your work.","Gracias por tu colaboración Nabig, puedes retirarte y seguir con tu trabajo.","Obrigado pela sua colaboração Nabig, pode se retirar e continuar com o seu trabalho."
DLG27_1718897790,Daguerreotype? What does that thing do?,¿Daguerrotipo? ¿Qué hace esa cosa?,Daguerreótipo? O que essa coisa faz?
DLG20_1722549314,"When you get some element, come to see me in my laboratory, [color=yellow]there I will help you to prepare the sample[/color] before passing it through the Spectroscope.","Cuando consigas algún elemento, ven a verme en mi laboratorio, [color=yellow]ahí te ayudaré a preparar la muestra[/color] antes de pasarla por el Espectroscopio.","Quando você conseguir algum elemento, venha me ver no meu laboratório, [color=yellow]lá eu te ajudarei a preparar a amostra[/color] antes de analisar no Espectroscópio."
DLG44_1718748417,"All right, Nabig, I will do as you say.","Está bien, señorita Nabig, haré lo que usted me diga.","Tudo bem, Nabig, eu farei o que você disser."
DLG27_1724085796,I'm not someone you should look up to.,No soy alguien a quien debas admirar.,Não sou alguém que você deveria admirar.
DLG10_1686778008,Ah... what a nuisance.,Ah... qué molestia.,Ah... que chatice.
DLG12_1712163955,Who the hell are you?,¿Quién rayos eres tú?,Quem diabos é você?
DLG9_1671133094,You have to help me! They took my daughter!,¡Tienen que ayudarme! ¡Se llevaron a mi hija!,Você tem que me ajudar! Eles levaram minha filha!
DLG30_1706222258,What are you up to?,¿Qué es lo que estás tramando?,O que você está tramando?
DLG32_1705010680,A [color=yellow]Nacatamal[/color]. It is a delicious dish that they sell in a small restaurant that is behind the building of The Order.,Un [color=yellow]Nacatamal[/color]. Es un delicioso platillo que venden en un pequeño restaurante que está detrás del edificio de La Orden.,Um [color=yellow]Nacatamal[/color]. Um prato delicioso que vendem num pequeno restaurante que fica localizado atrás das instalações d’A Ordem.
DLG57_1705090606,It is possible that the adeptis Eve Brahm is responsible for this fog.,Es posible que la adeptis Eve Brahm sea la responsable de esa niebla.,É possível que a adeptis Eve Brahm é a responsável por essa neblina.
DLG1_1671139129,Carbon. That'll handle the Calcite no problem.,Esto es... [color=yellow]Carbono[/color] me será de utilidad para destrir la Calcita.,Este é...[color=yellow]Carbono[/color] será útil para destruir a Calcita.
DLG20_1706222258,"Do you think you can hurt me, you bastard?","¿Te crees capaz de hacerme daño, bastardo?","Você acha que pode me ferir, seu maldito?"
DLG5_1686778008,"Ehh... well, I was looking for some materials for my research...","Ehh... bueno, estaba en busca de algunos materiales para mi investigación...","É… bem, eu estava procurando alguns materiais para a minha pesquisa..."
DLG42_1705090606,"Are you referring to the existence of this ""Athos""?","¿Se refiere a la existencia de ese tal ""Athos""?","Você está se referindo a existência desse tal ""Athos""?"
DLG5_1671136581,You've finally decided to help us with our mission?,¿Finalmente has decidido a ayudarnos con nuestra misión?,Você finalmente decidiu nos ajudar na nossa missão?
DLG20_1718748417,You look familiar...,Te me haces conocido...,Você me parece familiar…
DLG17_1719417607,"Well, following up on the train topic.... Anything else I should know about?","Bien, siguiendo con el tema del tren... ¿Algo más de lo que deba saber?","Bem, sobre o assunto do trem.... Há alguma coisa que eu deveria saber?"
DLG6_1712163955,annie... what are you doing here?,annie... ¿qué haces aquí?,annie... o que está fazendo aqui?
DLG22_1718748417,Whatever.,Como sea.,Não importa.
DLG10_1722530103,Primordial light? That's the first time I've heard that.,¿Luz primigenia? Es la primera vez que escucho eso.,Luz primordial? É a primeira vez que escuto isso.
DLG14_1718897790,"Be cool with him, he's been worried sick. Got it?","Sé bueno con él, ha estado muy preocupado. ¿Entendido?","Seja legal com ele, ele está muito preocupado. Entendido?"
DLG29_1705004200,All right... I won't delay it any longer.,Está bien... no la retraso más.,Está certo... Não vou adiar mais.
DLG43_1718748417,"Nabig, that's my name.","Nabig, es mi nombre.","Nabig, é o meu nome."
DLG3_1690912429,"Give up already, you don't stand a chance against me.","Ya ríndete, no tienes oportunidad contra mí.","Desista, você não tem chance contra mim."
DLG6_1709065925,How funny you are Nabig.,Qué graciosa eres Nabig.,Como você é hilária Nabig.
DLG17_1723066397,... ... ...,... ... ...,... ... …
DLG18_1690912429,(Damn... this has gotten complicated...),(Maldita sea... esto se ha complicado...),(Droga... as coisas ficaram complicadas...)
DLG7_1705354727,... how boring...,... qué aburrido...,... que saco…
DLG73_1718897790,I came to buy some things.,He venido a comprar algunas cosas.,Eu vim para comprar algumas coisas.
DLG46_1705010680,"Well, let's see what I can do to help you...","Bien, veamos en qué te puedo ayudar...","Ok, vamos ver o que eu posso te ajudar..."
DLG4_1705071479,I have been told that [color=yellow]Director Alessa wants to talk to you.[/color].,Me han dicho que [color=yellow]la Directora Alessa quiere hablar contigo.[/color],Me pediram para te avisar que a [color=yellow]Diretora Alessa quer falar com você.[/color].
DLG8_1686779687,Whatever. Let's get to the point.,Lo que sea. Vayamos al grano.,Seja lá o que for. Vamos ao ponto.
DLG4_1722549314,What do you want to ask?,¿Qué quieres preguntar?,O que você quer perguntar?
DLG13_1712163955,My name is annie Cavendish. [color=yellow]Adeptis Séptima.[/color],Mi nombre es annie Cavendish. [color=yellow]Adeptis Séptima.[/color],Meu nome é annie Cavendish. [color=yellow]Adeptis Séptima.[/color]
DLG13_1686779687,"Ah, I almost forgot, here's your reward.","Ah, casi lo olvido, aquí está tu recompensa.","Ah, eu quase esqueci, aqui está sua recompensa."
DLGEXCLAMATION,…!,¡...!,…!
DLG8_1725643091,"Strange... But since it's something urgent, I might as well take a look.","Qué extraño... Pero ya que es algo urgente, podría echar un vistazo.","Estranho... Mas como é algo urgente, eu posso verificar."
DLG14_1722549314,You just have to look to the sky and find it.,Solo debes mirar al cielo y encontrarla.,Você apenas tem que olhar pro céu e encontrar a resposta.
DLG7_1723066161,We have to find a way to open it...,Tenemos que buscar la manera de abrirla...,Nós temos que achar um jeito de abrir…
DLG29_1704732290,Well... they were used to pay for your treatment.,Bueno... fueron usadas para pagar tu tratamiento.,Bem... eles foram usados para os custos do seu tratamento.
DLG29_1723066397,Nabig!,¡Nabig!,Nabig!
DLG8_1671133094,"Dozens of demons arrived, everything turned into chaos....","Decenas de demonios llegaron, todo se volvió un caos...","Dezenas de demônios chegaram, tudo se transformou em caos…"
DLG16_1706222258,Few people actually get in our way. I had to see what you were about.,Pocas personas se interponen en nuestro camino. Tenía que ver de qué estás hecho.,Poucas pessoas realmente nos atrapalham. Eu precisava ver do que você é feito.
DLG6_1718897790,My father has told me that you are a very powerful Alchemist.,Mi padre me ha dicho que usted es un Alquimista muy poderoso.,Meu pai me disse que você é um Alquimista muito poderoso.
DLG56_1705004200,I offer you a treasure from... uh... family. It is a valuable ring that may be of use to you.,Le ofrezco un tesoro de... eh... la familia. Se trata de un anillo valioso que puede serle de utilidad.,Eu te ofereço um tesouro de... uh... família. É um anel valioso que pode ser útil a você.
DLG10_1671136581,You again... I will not tolerate such conduct in front of our lord.,Otra vez tú... no toleraré ese comportamiento ante nuestro señor.,Você de novo...Não irei tolerar tal conduta na frente de nosso senhor.
DLG9_1671137942,They... they hurt me...,Ellos... me lastiman...,Eles...eles me feriram…
DLG22_1719417607,A health crisis occurred in the slums of several countries.,Una crisis de salud ocurrió en los barrios pobres de varios países.,Uma crise sanitária ocorreu em vários bairros pobres de vários países.
DLG5_1726500626,"I'm just taking what rightfully belongs to us, the followers of Athos...",Solo estoy tomando lo que por derecho nos pertenece a los seguidores de Athos...,"Estou apenas pegando o que nos é de direito, os seguidores de Athos..."
DLG15_1705090606,... as long as you keep sending us reports of your findings.,... siempre y cuando sigas enviando los reportes de tus hallazgos.,... enquanto você nos mantenha informados de seus achados.
DLG53_1705004200,Thank you so much for rescuing my daughter.,Muchas gracias por rescatar a mi hija.,Muito obrigado por resgatar a minha filha.
DLG25_1719417607,It was a substance that was sold at a low price and the person who knows the synthesizing process is shay Avicenna.,Era una sustancia que se vendía a un precio bajo y la persona que conoce el proceso de sintetización es shay Avicena.,Era uma substância que era vendida por um preço baixo e a pessoa que sabe do processo de sintetização é shay Avicenna.
DLG4_1723844799,"Atreu, what are you doing here?","Atreu, ¿qué haces por aquí?","Atreu, o que está fazendo aqui?"
DLG11_1686779687,Thank you for rescuing me Nabig.,Gracias por rescatarme Nabig.,Obrigado por me salvar Nabig.
PROLOGUE_OUTRO_1,"On every last night of October,
mysteriously the forces
of light fade away.","En cada última noche de octubre,
misteriosamente las fuerzas
de la luz se desvanecen.","A cada última noite de Outubro, 
misteriosamente as forças 
Da luz desaparecem,"
PROLOGUE_OUTRO_3,"... people known as Alchemists
created an organization.","... personas conocidas como Alquimistas
crearon una organización.","...pessoas conhecidas como Alquimistas 
Criaram uma organização."
DLG2_1674506987,Gonna need more than just Iron to get out of here.,[color=yellow]Necesitaré más que solo Hierro[/color] para poder salir de aquí.,[color=yellow]Precisarei mais que apenas Ferro[/color] para sair daqui.
PROLOGUE_OUTRO_2,"In order to protect humanity,
the heirs of the wisdom
of Hermes Trismegistus...","Con el fin de proteger a la humanidad,
los herederos de la sabiduría 
de Hermes Trismegisto...","Para proteger a humanidade, 
os herdeiros da sabedoria 
De Hermes Trimegisto…"
PROLOGUE_OUTRO_5,"However, peace is endangered
by those who claim
to have the absolute truth.","Sin embargo, la paz peligra
por aquellos que proclaman
tener la verdad absoluta.","Porem, a paz é ameaçada 
por aqueles que reivindicam 
Que tem a verdade absoluta."
PROLOGUE_OUTRO_4,"Centuries of peace and progress reigned
over the continent.","Siglos de paz y progreso reinaron
el continente.","Séculos de paz e progresso reinaram 
Por todo o continente."
PROLOGUE_OUTRO_6,"Adepts of power Toziuha, gather
in the shadows, awaiting
the resurrection of Athos.","Adeptos del poder Toziuha, se reunen
entre las sombras, esperando
la resurección de Athos.","Adeptos do poder Toziuha, se reúnem 
nas sombras, aguardando 
A ressurreição de Athos."
DLG10_1718387263,I will notify the Order so that they can remove the body.,Daré aviso a la Orden para que puedan llevarse el cuerpo.,Eu irei notificar À Ordem para que eles possam coletar o corpo.
DLG18_1724085796,"When I was a child, I was kidnapped by a sect, its leader tortured me in order to become an Alchemist.","Cuando era una niña, fui raptada por una secta, su líder me torturaba con tal de convertirme en Alquimista.","Quando eu era uma criança, eu fui raptada por uma seita, cujo líder me torturou para que eu me tornasse um Alquimista para eles."
DLG24_1723066397,I've seen it before...,Lo he visto antes...,Eu já o vi antes…
DLG21_1706222258,"Ha, ha, ha, ha, I'm not saying it for you.","Ja, ja, ja, no lo digo por ti.","Ha, ha, ha, ha, eu não estou dizendo de você."
DLG6_1723066136,"Yes, each element has a unique spectrum. Although the elemental sample should be as pure as possible to get a good result.","Sí, cada elemento tiene un espectro único. Aunque la muestra elemental debe ser lo más pura posible para conseguir un buen resultado.","Sim, cada elemento possui um espectro único. Contudo a amostra elemental deveria se a mais pura possível para resultados satisfatórios."
DLG2_1718635933,This was a prosperous city ruled by an aristocrat named Henry Cavendish.,Esta fue una ciudad prospera gobernada por un aristócrata llamado Henry Cavendish.,Foi um dia uma próspera cidade governada pelo aristocrata chamado Henry Cavendish.
DLG7_1725643091,Perhaps he has suffered some inconvenience along the way as he is a one-time person who has been working with the restaurant for decades.,Tal vez ha sufrido algún incoveniente en el camino ya que es una persona puntual que trabaja con el restaurante desde hace décadas.,"Talvez ele tenha sofrido algum imprevisto no caminho, pois é uma pessoa que trabalha conosco há décadas."
DLG20_1704732290,"(There they go again, acting like a stubborn kid... hopeless.)",(De nuevo comportándose como un niño terco... No tiene remedio.),(Novamente agindo como uma criança teimosa... Você é causa perdida.)
DLG5_1723066136,"It's something to do with light, isn't it?","¿Es algo que tiene que ver con la luz, verdad?","É algo que faz com luz, não é?"
DLG33_1718748417,Now what should I do...,Ahora qué debería hacer...,Agora o que devo fazer…
DLG31_1718897790,I think I saw a cat in the_outpost...,Creo haber visto un gato en the_outpost...,Eu acho que vi um gato em the_outpost...
DLG8_1709065925,... ... ...,... ... ...,... ... …
DLG41_1718748417,We will leave this place and I will take you to your father.,Saldremos de este lugar y te llevaré con tu padre.,Iremos sair desse lugar e te levarei ao seu pai.
DLG42_1705004200,Have you found it? Why hasn't it arrived?,¿¡La ha encontrado!? ¿Por qué no ha llegado?,Você a encontrou? Por qual motivo não chegou?
DLG27_1705071479,But if you manage to catch one alive... you could experiment with its body without killing it...,Pero si se consigue atrapar uno con vida... podría experimentar con su cuerpo sin llegar a matarlo...,Mas se você conseguir capturar um vivo... você pode fazer experimentos sem matá-lo…
DLG3_1722530103,"Margaret, what are you doing here?","Margaret, ¿qué haces aquí?","Margaret, o que está fazendo aqui?"
DLG21_1671137942,"Everything will be fine, they won't bother you again.","Todo saldrá bien, no volverán a molestarte.","Tudo estará bem, ele não irão te importunar novamente."
DLG55_1705090606,I am sure john has manipulated them at will.,Estoy segura que john los ha manipulado a su antojo.,E tenho certeza que john está os manipulando ao seu capricho.
DLG62_1705090606,I have also spoken to an old woman named Evelyn who is sheltering at the entrance to the city.,También he hablado con una anciana llamada Evelyn que esta refugiada en la entrada de la ciudad.,Eu também tenho conversado com uma anciã chamada Evelyn que está refugiada na entrada da cidade.
DLG30_1705071479,Maybe strips of clothing or masks with his blood on them. If you could get me some of that it would help me a lot.,Tal vez tiras de ropa o máscaras con su sangre. Si me consigues algo de eso me ayudaría mucho.,Talvez tiras de roupa ou máscaras ensanguentadas. Se você conseguir me ajudaria bastante.
DLG6_1686778008,"And without realizing it I ended up surrounded, heh, heh, heh....","Y sin darme cuenta terminé rodeada, je, je, je...","E sem perceber eu acabei cercada, he, he, he.…"
DLG18_1722530103,Neumann's research had been a secret of The Order.,La investigación de Neumann había sido un secreto de La Orden.,A pesquisa de Neumann tem sido um segredo n’A Ordem.
DLG5_1671133094,Thank you for saving me.,Gracias por salvarme.,Obrigado por me salvar.
DLG4_1675875857,This will be your grave.,Esta será tu tumba.,Esta será o seu túmulo.
DLG29_1705071479,"Whatever, but I will need some way to get samples of them.","Como sea, pero sí necesitaré alguna forma de obtener muestras de ellos.","Tanto faz, mas eu precisarei ter de alguma forma as amostras deles."
DLG4_1686778008,What is the head of the alchemy lab doing here?,¿Qué hace la responsable del laboratorio de alquimia aquí?,O que a responsável pelo laboratório de alquimia está fazendo aqui?
DLG13_1718312954,I was not someone who stood out...,No fui alguien que destacara...,Eu não era alguém que se destacava…
DLG2_1722984911,"Aight, let's see what Jean Neumann was hiding in here...",Ahora veremos qué es lo que escondía Jean Neumann en su laboratorio secreto...,Agora nós vamos ver o que Jean Neumann estava escondendo em seu laboratório secreto…
DLG12_1718897790,I rescued you only because I found you by chance.,Te he rescatado solo porque te encontré por casualidad.,Eu apenas te resgatei porque te encontrei por sorte.
DLG10_1705010680,"It's a beautiful day, isn't it?",¿Qué bonito día hace verdad?,"É um belo dia, não é mesmo?"
DLG2_1708468117,"-- Once upon a time, there was a story of a warrior who mastered the power of the heavens...",-- Érase una vez la historia de un guerrero que dominaba el poder de los cielos...,"-- Era uma vez, a história de um guerreiro que dominou o poder dos céus…"
DLG16_1705010680,"A good tea and a good book, a well-deserved rest.","Un buen té y un buen libro, un descanso bien merecido.","Um bom chá e um bom livro, um descanso merecido."
DLG34_1705090606,"If not, you may withdraw.","Si no es así, puedes retirarte.","Se não tem, você pode se retirar."
"<!MissingKey:290:Remember to follow the [color=yellow]Toziuha Night[/color] project on Facebook, Twitter, Youtube, Itch.io, and Steam!>","Remember to follow the [color=yellow]Toziuha Night[/color] project on Facebook, Twitter, Youtube, Itch.io, and Steam!","Recuerda seguir el proyecto [color=yellow]Toziuha Night[/color] en Facebook, Twitter, Youtube, Itchio y Steam!","Lembre de seguir o projeto [color=yellow]Toziuha Night[/color] no Facebook, Twitter, Youtube, Itch.io e Steam!"
DLG6_1718312954,"Well, the iron alchemist has arrived...","Vaya, el alquimista de hierro ha llegado...","Bem, o alquimista de ferro chegou…"
DLG54_1705090606,"Not only that, the Ahuizotes have been there. They have progressively implanted wrong beliefs.","No es solo eso, los Ahuizotes han estado ahí. De manera progresiva han implantado creencias equivocadas.","Além disso, há Ahuizotes por lá. Eles tem inserido progressivamente essas crenças erradas."
DLG6_1690912429,"From what I gather, Joseph is an [color=yellow]Oxygen Alchemist[/color].","Por lo que deduzco, Joseph es un [color=yellow]Alquimista de Oxígeno.[/color]","Das informações que eu coletei, Joseph é um [color=yellow]Alquimista de Oxigênio[/color]."
DLG25_1705090606,"Thanks, I guess...","Gracias, supongo...","Obrigado, eu acho…"
DLG25_1706222258,Forget what I said.,Olvida lo que dije.,Esqueça o que eu disse.
DLG14_1690912410,Quiet! You do not understand. Our lord will purge this world of plebeian filth.,¡Silencio! No lo entiendes. Nuestro señor purgará este mundo de la inmundicia plebeya.,Silêncio! Você não entende. Vossa Eminência purificará esse mundo da imundice dos plebeus.
DLG76_1671137942,"Just go, I'll be fine on my own.","Solo vete, estaré bien solo.","Apenas vá, eu ficarei bem sozinho."
DLG64_1705004200,"Welcome, what do you need today?","Bienvenida, ¿qué es lo que necesita hoy?","Bem vinda, o que precisa para hoje?"
DLG7_1705071479,"Hey, could you do me a favor when you go talk to her?","Oye, ¿me podrías hacer un favor cuando vayas a hablar con ella?","Ei, você pode me fazer um favor quando ir falar com ela?"
DLG22_1723667871,"I thought so... See you soon, human.","Me lo imaginaba... Nos veremos pronto, humano.","Como imaginava... Te vejo em breve, humano."
DLG28_1722549314,I don't need anything else,No necesito nada más,Não preciso de nada mais
DLG60_1705004200,Of course.,Claro.,É claro.
DLG6_1671133094,"Tell me, what happened here?","Dime, ¿qué es lo que ha pasado aquí?","Me diga, o que aconteceu aqui?"
DLG5_1718311861,"Who has betrayed our trust, our faith.","Quien ha traicionado nuestra confianza, nuestra fe.","Quem traiu a nossa confiança, nossa fé."
DLG6_1723844799,And I have been ordered to help cleanse the city of the remaining demons.,Y me han ordenado con ayudar en la limpieza de la ciudad de los demonios que todavía quedan.,E fui designado a ajudar no extermínio dos demônios restantes na cidade.
DLG17_1718312954,I don't know what the heck you're talking about... but I don't care.,No sé de qué rayos estás hablando... pero no me importa.,Eu não sei do que diabos você está falando... mas eu não me importo.
DLG8_1705354727,How long I gotta be on this train...,¿Por cuanto tiempo debo estar en este maldito tren?,Por quanto tempo eu preciso ficar nesse maldito trem?
DLG36_1718748417,I have to go now. Good luck.,Me tengo que ir. Suerte.,Eu tenho que ir agora. Boa sorte.
DLG18_1718897790,The truth is... I would like to ask you a favor.,La verdad... es que quisiera pedirle un favor.,Na verdade é que... Eu gostaria de te pedir um favor.
DLG6_1724085796,"I have accepted many missions, because I want to reach the top, to be an official Alchemist like you.","He aceptado muchas misiones, porque quiero llegar a lo alto, ser un Alqumista oficial como usted.","Eu tenho aceitado muitas missões, pelo motivo de que quero chegar ao topo, ser um Alquimista Oficial como você."
DLG14_1713547682,You are a stone in their shoe that must be eradicated.,Eres una piedra en su zapato que debe ser erradicada.,Você é uma pedra em nossos sapatos e deve ser erradicada.
DLG7_1712764975,Lord Trithemius has protected me and my brother.,El señor Trithemius nos ha protegido a mí y a mi hermano.,Vossa Eminência Trithemius protegeu meu irmão e eu.
DLG21_1705010680,The reason I came to the_core was to help the Alchemists with the improvement of their Elemental Circuits.,"La razón por la que he venido a the_core, ha sido la de ayudar a los Alquimistas con la mejora de sus Circuitos Elementales.",O motivo que eu vim à the_core foi para ajudar os Alquimistas no aprimoramento de seus Circuitos Elementais.
DLG21_1705004200,Bad luck follows me... only my daughter [color=yellow]Aura[/color] was kidnapped by those masked people...,La mala suerte me persigue... solo a mi hija [color=yellow]Aura[/color] raptaron aquellas personas enmáscaradas...,Má sorte me acompanha... apenas minha filha [color=yellow]Aura[/color] foi raptada por aqueles mascarados…
DLG8_1671134583,Ain't got time for games.,No tengo tiempo para juegos.,Eu não tenho tempo para jogos.
DLG30_1705010680,Do you know what would help me replenish my energy?,¿Sabes lo que me ayudaría a reponer mi energía?,Você sabe o que me ajudaria a reabastecer as minhas energias?
DLG31_1704732290,Ah... What rats.,Ah... Qué ratas.,Ah... Que malditos.
GRIJAYLA1DAMNED,Damn...,Malditos...,Malditos…
DLG4_1718635933,I should be able to find useful information here.,Debería poder encontrar información útil en este lugar.,Devo encontrar informações úteis aqui.
DLG15_1712768333,I have succeeded.,Lo he conseguido.,Eu consegui.
DLG16_1712768333,Thanks to the help of Lord Trithemius I can now synchronize my [color=yellow]elemental manipulation waves[/color].,Gracias a la ayuda del señor Trithemius ahora puedo sincronizar mis [color=yellow]ondas de manipulación elemental.[/color],Graças a ajuda da Vossa Eminência Lord Trithemius agora eu posso sincronizar minhas [color=yellow]ondas de manipulação elementais[/color].
DLG18_1718748417,I don't remember how I got here...,No recuerdo como llegué aquí...,Eu não me lembro de como cheguei aqui…
DLG56_1705090606,The city is now enveloped in a fog that causes hallucinations...,La ciudad ahora está envuelta en una niebla que provoca alucinaciones...,A cidade está coberta por uma neblina que causa alucinações…
DLG26_1718748417,Your father is looking for you. The Ahuizotes kidnapped you when the demons invaded the_outpost.,Tu padre te está buscando. Los Ahuizotes te raptaron cuando los demonios invadieron the_outpost.,Seu pai está te procurando. Os Ahuizotes te raptaram quando os demônios invadiram the_outpost.
DLG5_1726182471,"I've launched a flare, it shouldn't take long for more reinforcements to arrive.","He lanzado una bengala, no deben en tardar llegar más refuerzos.","Lancei um sinalizador, mais reforços devem chegar em breve."
DLG26_1712163955,I'm just sleepy.,Solo tengo sueño.,Só estou com sono.
DLG30_1718748417,"Yes, although concerned. He is in the_core.","Sí, aunque preocupado. Él se encuentra en the_core.","Sim, apesar de estar muito preocupado. Ele está em the_core."
DLG2_1722530103,"Nabig, hello!","¡Nabig, hola!","Nabig, olá!"
DLG26_1704732290,"Okay, thank you, Mrs. Rachel.",Está bien. Gracias señora Rachel.,"Ok, obrigado, Senhora Rachel."
DLG14_1712768333,"What do you mean, brother?","¿A qué te refieres, hermano?","O que quer dizer, irmão?"
DLG24_1722549314,The guardian of the night... What the hell does that mean? Is it a person?,La guardiana de la noche... ¿qué rayos quiere decir con eso? ¿Se trata de una persona?,A guardiã da noite... Mas o que diabos isso significa? É uma pessoa?
DLG43_1705090606,"Exactly, there is no record of its existence.","Exactamente, no hay registros de su existencia.","Exato, não há indícios de sua existência."
DLG14_1704732290,You are very weakened and with injuries all over your body. In your current state you would be easy prey for any demon.,Estás muy debilitada y con lesiones en todo el cuerpo. En tu estado actual serías presa fácil para cualquier demonio.,Você está muito fraca e com ferimentos por todo o corpo. Em seu estado atual você seria uma presa fácil para qualquer demônio.
DLG44_1671137942,"Yeah, yeah, whatever. Save the compliments.","Sí, sí, lo que sea, ahórrate los halagos.","Sim, sim, deixe de elogios."
DLG10_1671134583,Don't you dare run away!,¡No te atrevas a huir!,Não ouse fugir!
DLG8_1726500626,"Which began with the betrayal of Hermes Trismegistus towards the one who was truly the [color=yellow]first alchemist[/color], Athos.","Que comenzó con la traición de Hermes Trimegisto hacia aquel que fue verdaderamente el [color=yellow]primer alquimista[/color], Athos.","Que começou com a traição de Hermes Trismegistus para aquele que é o verdadeiro [color=yellow]primeiro alquimista[/color], Athos."
DLG23_1706222258,Although it's not like they have much time left before they... Ah! I almost said something I shouldn't have.,Aunque tampoco es que les queden mucho tiempo antes de que... ¡Ah! Casi digo algo que no debía.,Embora que eles não tem muito tempo restante antes deles... Ah! Eu quase falei o que não deveria.
DLG33_1718897790,"So could you help me, Nabig?","¿Así que podría ayudarme, señorita Nabig?","Então você pode me ajudar, Nabig?"
DLG13_1726500626,This is the [color=yellow]Demon Core.[/color],Este es el [color=yellow]Núcleo del Demonio.[/color],Este é o [color=yellow]Núcleo Demoníaco.[/color]
DLG7_1686778008,So... could you get rid of these demons?,Así que... ¿podrías deshacerte de estos demonios?,Então... você pode se livrar desses demônios?
DLG10_1705071479,"Heh, heh, come on... I just want you to try to convince her to increase the budget for the research department this year.","Je, je, vamos... Solo quiero que trates de convencerla de aumentar el presupuesto para el departamento de investigación este año.","He, he, vamos lá... Eu apenas quero que você tente convencê-la a aumentar o orçamento deste ano para o departamento de pesquisa."
DLG19_1718748417,Have I seen you before?,¿Te habré visto antes?,Eu já não te vi antes?
DLG2_1677711345,What a weird ability.,Qué habilidad tan rara.,Mas que habilidade diferente.
DLG16_1723066397,"It's done through a [color=yellow]Daguerreotype[/color]. A box containing a silver-coated copper plate that is made photosensitive with iodine, bromine, and bromine vapors...","Se hace a través de un [color=yellow]Daguerrotipo[/color]. Una caja que contiene una placa de cobre recubierta de plata que se hace fotosensible con vapores de yodo, bromo y...","É feito através de um [color=yellow]Daguerreótipo[/color]. Uma caixa contendo uma placa de cobre revestida com prata que se torna fotossensível com iodo, bromo e vapores de bromo…"
DLG21_1723667871,Fuck you fucking demon.,Púdrete maldito demonio.,Foda-se seu maldito demônio.
DLG3_1690912410,Get out of my way kid.,Quitate de mi camino niño.,"Saia do meu caminho, jovem."
DLG7_1718311861,This person was actually an Alchemist of the Order...,Esta persona era realmente un Alquimista de la Orden...,Esta pessoa na realidade é um Alquimista d’A Ordem…
DLG9_1722549314,"And of those on record, they turn out to be skilled Alchemists of great power.","Y de los que se tiene registro, resultan ser Alquimistas habilidosos y de gran poder.","E aqueles que se tem registro, resultam ser Alquimistas habilidosos e de grande poder."
DLG42_1705010680,"Sure, don't worry, it's my turn now.","Claro, no te preocupes, ahora me toca a mí.","Com certeza, não se preocupe porque é a minha vez agora."
DLG22_1722530103,He died ten years ago under mysterious circumstances.,Murió hace diez años bajos misteriosas circunstancias.,Ele morreu dez anos atrás por misteriosas circunstâncias.
DLG1_1723066397,So this is his lab...,Así que este es su laboratorio...,Então esse é o laboratório dele…
DLG37_1723066397,No... it's nothing... what happened with Neumann's son?,No... no es nada... ¿qué pasó con el hijo de Neumann?,Não... não é nada... o que aconteceu com o filho de Neumann?
DLG37_1718748417,Uh... thank you?,Eh... ¿gracias?,Uh... obrigado?
DLG31_1705071479,"Ah... all right, I'll see what I can get... ","Ah... está bien, veré que consigo... ","Ah... tudo bem, Eu verei o que eu consigo… "
DLG36_1705004200,"No, nothing yet.","No, nada todavía.","Não, nada ainda."
DLG32_1671136581,And our path must continue. Take care of her.,Y nuestro camino debe seguir. Encárgate de ella.,E nosso caminho deve continuar. Cuidem dela.
DLG2_1671136236,I'll have to take a look at them.,Tendré que echarles un vistazo.,Eu irei dar uma olhada neles
DLG3_1675875815,I'm ending this myself.,Tendré que encargarme personalmente de ti.,Eu irei cuidar de você pessoalmente.
DLG48_1718748417,Yes... you are right.,Sí... tiene razón.,Sim... você está certo.
DLG30_1704732290,The health insurance and other benefits provided by The Order were suspended for a week for going to the_outpost without waiting for reinforcements.,El seguro de salud y otros beneficios que te da La Orden fueron suspendidos una semana por haber ido a the_outpost sin esperar los refuerzos.,O plano de saúde e outros benefícios fornecidos pel’A Ordem foram suspensas por uma semana para ir à the_outpost sem esperar por reforços.
DLG22_1677779048,And an alchemist must be able to control this vibration and master it at will.,Y un alquimista debe ser capaz de controlar esta vibración y dominarla a su voluntad.,E um alquimista deve ser capaz de controlar sua vibração e dominar à sua vontade.
DLG16_1713547682,I would like to stay and show you how to behave. But I must go...,Me gustaría quedarme a enseñarte cómo debes comportarte. Pero debo irme...,Eu gostaria de ficar e mostrar-lhe como se comportar. Mas eu devo me retirar…
DLG25_1724085796,"I don't know what to say... I didn't think you were a vengeful person, people say good things about you...","No sé que decir... no pensé que usted fuera una persona vengativa, la gente dice cosas buenas de usted...","Eu não sei o que dizer... Eu não achava que você fosse uma pessoa vingativa, as pessoas dizem coisas boas sobre você…"
DLG50_1718748417,What? I've done enough with finding you and clearing the path of demons.,¿Qué? Ya hice suficiente con encontrarte y despejar el camino de demonios.,O que? Já fiz o suficiente para te encontrar e limpar o caminho dos demônios.
DLG6_1726518782,I heard a crash and came to see what was going on...,Escuché un estruendo y vine a ver qué estaba pasando...,Eu ouvi um estrondo e vim para saber o que está acontecendo…
DLG19_1705004200,Thank you Nabig.,Gracias señorita Nabig.,Muito obrigado Nabig.
DLG21_1705090606,In addition to the fact that the money from this businessman will come to The Order.,Además de que el dinero de ese empresario llegará a La Orden...,Adicione o fato que esse dinheiro desse empresário chegará para A Ordem.
DLG75_1671137942,You've helped me enough already.,Ya me has ayudado lo suficiente.,Você já me ajudou o bastante.
DLG18_1706222258,My name is darryl Razhes. [color=yellow]Adeptis cuarto.[/color],Me llamo Dirián Razhes. [color=yellow]Adeptis cuarto.[/color],Me chamo darryl Razhes. [color=yellow]Adeptis cuarto.[/color]
DLG29_1705090606,Remember to go to the train station and make sure the inauguration goes well.,Recuerda ir a la estación del tren y asegurarte que la inauguración vaya bien.,Lembre de ir à estação de trem e tenha certeza que a inauguração ocorra bem.
DLG55_1671137942,"I like your style, boy.","Me agrada tu estilo, chico.","Eu gosto do seu estilo, jovem."
DLG54_1718897790,"Oh, yes, I promised you a reward...","Ah, cierto le prometí una recompensa...","Oh, sim, eu prometi uma recompensa…"
DLG24_1690912410,I will take your life but not before making you suffer.,Tomaré tu vida no sin antes hacerte sufrir.,Te farei sofrer antes de tirar a sua vida.
DLG43_1671137942,I've heard of your heroic efforts in Transylvania. How you defeated Dracula alone and...,He escuchado de sus hazañas en Transilvania. Sobre como derrotó a Drácula usted solo y...,Eu soube de suas ações heroicas na Transilvânia. De como derrotou Drácula sozinho e…
DLG7_1724085796,I need to earn the necessary merit to achieve this.,Necesito ganarme el mérito necesario para lograrlo.,Eu preciso ganhar o mérito necessário para atingir esse objetivo.
DLG10_1724085796,"I want things to get better in this country, and for no one to live in fear of demons again.","Quiero que las cosas mejoren en este país, y que nadie vuelva a vivir con miedo de los demonios.","Quero que as coisas melhorem nesse país, e que ninguém mais viva com medo de demônios."
DLG34_1718748417,I must go somewhere else,Debo ir a otro lugar,Eu preciso ir para algum lugar
DLG47_1705090606,Hermes Trimegistus was the person who placed science as the fundamental pillar in the correct handling of what was once called [color=yellow]Magic.[/color],Hermes Trimegisto fue la persona que colocó a la ciencia como el pilar fundamental en el correcto manejo de lo que una vez se llamó [color=yellow]Magia.[/color],Hermes Trimegistus foi a pessoa que colocou a ciência como um pilar fundamental e manejo correto o que um dia foi chamado de [color=yellow]Magia.[/color]
DLG3_1719417607,You have managed to prevent this incident from escalating.,Has logrado evitar que este incidente haya pasado a mayores.,Você conseguiu evitar que este incidente se agravasse.
DLG17_1706222258,So you are under john' orders? Who the hell are you?,¿Con que estás bajo las ordenes de john? ¿Quién demonios eres?,Então você está sob as ordens de john? Quem diabos é você?
DLG7_1706224082,(Does this guy really only think about eating?),(¿Este tipo de verdad solo piensa en comer?),(Esse cara realmente só pensa em comida?)
DLG17_1705090606,But this time I need you to help with something.,Pero esta vez necesito que ayudes en algo.,Mas desta vez eu preciso que você me ajude com uma coisa.
DLG16_1722549314,About the Spectra,Sobre los Espectros,Sobre os Espectros
DLG18_1719417607,"On the train I met another Adeptis who managed to escape, his name is shay Avicenna.","En el tren me encontré con otro Adeptis que logró escapar, su nombre es shay Avicena.","No trem, me encontrei com um Adeptis que conseguiu escapar, seu nome é shay Avicenna."
DLG8_1722549314,"Curiously, Alchemists who master these elements are rare to find.",Curiosamente los Alquimistas que dominan estos elementos son raros de encontrar.,"Curiosamente, Alquimistas que dominam estes elementos são raros de encontrar."
DLG19_1726500626,"Finally the Demon Core has been released from its seal, now I'll just need a [color=yellow]catalyst[/color] to use it.","Finalmente el Núcleo del Demonio ha sido liberado de su sello, ahora solo necesitaré un [color=yellow]catalizador[/color] para usarlo.","Finalmente o Núcleo Demoníaco foi liberado de seu selamento, agora eu apenas precisarei de um [color=yellow]catalisador[/color] para usá-lo."
DLG3_1709066034,Uh... I...,Eh... yo...,Uh... Eu…
DLG3_1677711345,I have to find another way out of here. I must hurry.,Tengo que buscar otra manera de salir de aquí y debo darme prisa.,Eu tenho que encontrar uma outra forma de sair daqui e rápido.
DLG22_1686779687,"Well, that's all. Anything you need from me, you can find me in the [color=yellow]Alchemy Lab[/color].","Bueno, eso es todo. Cualquier cosa que necesites de mí, me puedes encontrar en el [color=yellow]Laboratorio de Alquimia.[/color]","Bem, isso é tudo. Qualquer coisa que você precisar de mim, você pode me encontrar no [color=yellow]Laboratório de Alquimia[/color]."
DLG13_1722549314,I think that's too obvious if you have basic knowledge of Astronomy.,Creo que eso es demasiado obvio si tienes conocimientos básicos de Astronomía.,Creio que é muito óbvio se você possui conhecimento básico de Astronomia.
DLG11_1677104432,"Powerless, I could only watch as he had taken everything from me.","Impotente, solo pude ver como él me lo había arrebatado todo.","Incapaz, eu só pude ver enquanto ele levou tudo de mim."
DLG17_1705071479,Great! I knew I could count on you.,¡Genial! Sabía que podía contar contigo.,Ótimo! Eu sabia que podia contar com você.
DLG3_1723667871,Interesting... It's the first time a human has managed to discover my presence on his own...,Interesante... Es la primera vez que un humano logra descubrir mi presencia por cuenta propia...,Interessante... É a primeira vez que um ser humano foi capaz de descobrir a minha presença por conta própria…
DLG27_1712163955,It's time to go.,Es hora de irnos.,É hora de ir.
DLG6_1725643091,"To be honest with you, we don't know exactly. The merchant who supplies us with ingredients should have arrived a few days ago.","Siendo sincero con usted, no lo sabemos exactamente. El comerciante que nos suministra de ingredientes debería haber llegado desde hace unos días.","Sendo honesto com você, não sabemos exatamente. O comerciante que nos provém com os mantimentos deveria ter chegado há alguns dias atrás."
DLG4_1704732290,Mrs. Rachel...,Señora Rachel...,Senhora Rachel...
DLG18_1723667871,"Human idiot, I'm not on anyone's side.","Humano idiota, no estoy del lado de nadie.","Humano tolo, não estou do lado de ninguém."
DLG5_1723066161,It is a barrier that is built on the basis of Elemental Circuits.,Es una barrera que está construida en base a Circuitos Elementales.,É uma barreira construída na base dos Circuitos Elementais.
WEGOAURA,"Aura, we have to get out of here.","Aura, debemos irnos de aquí.","Aura, nós devemos sair daqui."
DLG5_1724085796,Uh... is it very noticeable?,Uh... ¿se nota mucho?,Uh... está muito na cara?
DLG8_1705071479,You too? ,¿Tú también? ,Você também? 
DLG72_1718897790,I must talk to your father,Debo hablar con tu padre,Eu preciso falar com o seu pai
DLG11_1712768333,Joseph? Where the hell are you? Show yourself.,¿Joseph? ¿Dónde rayos estás? Muestrate.,Joseph? Onde diabos você está? Apareça.
DLG13_1705071479,His screams of pain already made me guess.,Sus gritos de dolor ya me lo hacían suponer.,Os gritos de dor deles já me fizeram supor.
DLG31_1706222258,Just state your business. I ain't here to chat.,Ve al grano. No estoy aquí para charlar.,Vai direto ao ponto. Não estou aqui para conversa.
DLG33_1671136581,"Yes, sir.","Sí, señor.","Sim, senhor."
DLG53_1705090606,"To avoid a conflict is that we have let them act as they see fit, in the end they were not hurting anyone.","Para evitar un conflicto es que los hemos dejado actuar como ellos crean conveniente, al final no hacían daño a nadie.","Para evitar conflitos nós deixamos tudo como está e eles agem da forma conveniente deles, no fim não atacam ninguém."
DLG10_1723667871,"Oh, right, humans know him as [color=yellow]Nosferatu[/color]...","Ah, cierto, los humanos lo conocen como [color=yellow]Nosferatu[/color]...","Oh, sim, humanos o conhecem como [color=yellow]Nosferatu[/color]..."
DLG35_1718897790,Tell me more.,Dime más.,Me dê mais informações.
DLG70_1671137942,(But who am I to judge... I won't pursue the subject any further.),(Pero quién soy para juzgar... No seguiré más con el tema).,(Mas quem sou eu para julgar...Eu não continuarei mais com esse tema.)
DLG6_1705004200,"A friend got me a job here as a salesman, while the situation in the_outpost improves.","Un amigo me consiguió empleo aquí como vendedor, mientras la situación en the_outpost mejora.","Um amigo me arranjou um emprego como vendedor, enquanto a situação em the_outpost melhora."
DLG11_1723844799,"Good, you can continue with your work, good luck.","Bien, puedes continuar con tu trabajo, suerte.","Ótimo, você pode continuar com o seu trabalho, boa sorte."
DLG27_1677779048,"Do it, Nabig…",Hazlo Nabig...,Faça Nabig…
DLG8_1671136581,What you've done to my family is something I won't forget...,Lo que has hecho con mi familia es algo que no olvidaré...,O que você tem feito com a minha família é algo que não esquecerei…
DLG28_1705354727,An assault?,¿Un asalto?,Um assalto?
DLG45_1718748417,You should get out of here.,Deberías salir de aquí.,Você deveria sair daqui.
DLG67_1705090606,I see you are changing...,Veo que estás cambiando...,Eu percebo que você está mudando…
DLG33_1706222258,Ah... that's a pity. I'd better keep enjoying this delicious food while I can.,Ah... es una lástima. Mejor sigo disfrutando esta deliciosa comida mientras pueda.,Ah... que pena. É melhor continuar aproveitando este prato delicioso enquanto eu posso.
DLGIMUSTUSEPYRO,Gotta use fire here. Hitting it straight up ain't gonna work.,Debería usar fuego o calor... los golpes no servirán.,Eu deveria usar fogo ou calor...bater não funcionará.
DLG18_1726500626,"That's right, the knowledge of how this prism worked was lost over time, however Jean Neumann was able to replicate it.","Así es, el conocimiento sobre cómo funcionaba este prisma se perdió con el tiempo, sin embargo Jean Neumann fue capaz de replicarlo.","Com certeza, o conhecimento de como o prisma funciona se perdeu com o tempo, porém Jean Neumann foi capaz de replicá-lo."
DLG3_1705090606,"Nabig, glad you made it, how are your injuries?","Nabig, qué bueno que llegaste, ¿cómo están tus heridas?","Nabig, que bom que conseguiu, como estão seus ferimentos?"
DLG2_1705684052,It is designed to prevent less powerful demons from entering the city.,Está hecha para evitar que demonios sin tanto poder puedan entrar a la ciudad.,Foi projetada para impedir que demônios menos poderosos entrem na cidade.
DLG57_1718897790,"Uh... I don't know what it's for, but it looks too sophisticated to be just a toy.","Uh... no sé para que sirve, pero parece muy sofisticado como para ser un simple juguete.","Uh... eu não sei para que serve, mas parece muito sofisticado para ser apenas um brinquedo."
DLG22_1724085796,Eh... sorry for asking such a delicate question...,Eh... perdón por preguntar algo tan delicado...,É... me desculpe por tocar num assunto tão delicado…
DLG25_1704732290,"If you want to talk or something, [color=yellow]look for me in the library garden[/color], I'll be there in my free time.","Si quieres hablar o algo, [color=yellow]búscame en el jardín de la biblioteca[/color], ahí estaré en mi tiempo libre.","Se você quiser conversar ou mais alguma coisa, [color=yellow]me procure no jardim da biblioteca[/color], estarei lá no meu tempo livre."
DLG2_1705354727,"Attention passengers, our next stop is the_barrens station.","Atención pasajeros, nuestra próxima parada es la estación de the_barrens.","Atenção passageiros, nossa próxima parada é a estação de the_barrens."
DLG18_1705090606,A major businessman is opening train stations across the continent.,Un importante empresario va a inaugurar estaciones de tren a lo largo del continente.,Um grande empresário está criando estações de trem em todo o continente.
DLG27_1719417607,At least now we know that it can't be far away....,Al menos ahora sabemos que no puede estar muy lejos...,Pelo menos nós sabemos que não pode estar tão longe.…
DLG39_1718897790,What?,¿Qué?,O que?
DLG8_1724085796,I don't think it's worth overexerting yourself just for that.,No creo que valga la pena sobreesforzarse solo para eso.,Não acho que vale a pena se esforçar demais somente por isso.
DLG29_1718748417,Is my dad okay?,¿Mi papá está bien?,Meu pai está bem?
DLG19_1705354727,We will stop by your seats to pick up any valuables.,Pasaremos por sus asientos para recoger cualquier objeto de valor.,Nós iremos parar em seus assentos para pegar qualquer objetos de valor.
DLG4_1705004200,You're the guy I saw in the_outpost...,Tú eres el tipo que vi en the_outpost...,Você é o cara que eu vi em the_outpost...
DLG9_1677104432,About that fateful night.,Sobre aquella fatídica noche.,Sobre aquela fatídica noite.
WHATFCKHAPPENEDHERE,What the hell happened here?,¿Qué rayos ha pasado aquí?,Mas que diabos aconteceu aqui?
DLG13_1724085796,"Good luck, boy.","Buena suerte, chico.","Boa sorte, garoto."
DLG4_1690912410,I won't let you go anywhere.,No te dejaré ir a ningún lado.,Eu não vou te deixar ir para lugar nenhum.
DLG21_1705071479,And if you bring some Ahuizotes corpses it would be excellent to start my research.,Y si traes algunos cadáveres de Ahuizotes sería excelente para comenzar con mi investigación.,E se trouxer alguns corpos de Ahuizotes seria excelente para começar minha pesquisa.
DLG3_1678397417,Please use caution when storing and transporting these containers to ensure your safety and the safety of those around you.,"Por favor, tenga precaución al almacenar y transportar estos contenedores para garantizar su seguridad y la de quienes lo rodean.","Por favor, tenha cautela quando guardar e transportar estes contêineres para assegurar sua segurança e a todos ao seu redor."
DLG3_1721926706,There are equipment and circuits that can improve physical capacities.,Existen equipamientos y circuitos que pueden mejorar las capacidades físicas.,Há equipamentos e circuitos que podem melhorar as capacidades físicas.
DLG8_1686778008,And I'd appreciate it if you can hurry... I'll give you something in return.,Y te agradecería si puedes darte prisa... te daré algo a cambio.,E eu te agradeceria se você se apressasse… Eu te darei algo em troca.
DLG19_1705010680,How are you doing with the use of [color=yellow]Elemental Circuits[/color]?,¿Cómo te está yendo con el uso de los [color=yellow]Circuitos Elementales[/color]?,Como está o uso dos [color=yellow]Circuitos Elementais[/color]?
DLG46_1671137942,"That’s the least of it, you've fallen from a great height. I brought some medicine that might help you.","Es lo de menos, usted ha caído desde una gran altura. Traje algunas medicinas que le podrían ayudar. ","Pelo menos, você caiu de uma grande altura. Eu trouxe um remédio que pode te ajudar."
DLG38_1718897790,"That would be all, I hope you can find [color=yellow]Niña, Pinta and Santamaría[/color].","Eso sería todo, espero que pueda encontrar a [color=yellow]Niña, Pinta y Santamaría.[/color]","Isso é tudo, eu espero que consiga encontrar [color=yellow]Niña, Pinta e Santamaría[/color]."
DLG9_1723844799,"Because after a while of having killed them, the demons reappear, it's quite strange...","Porque después de un tiempo de haberlos matado, los demonios vuelven a aparecer, es bastante extraño...","Porque após ter os matado, os demônios reaparecem, o que é bem estranho..."
DLG7_1709065925,I'll be waiting for you in my office.,Te espero en mi oficina.,Estarei te esperando em meu escritório.
DLG12_1723844799,Leave it to me! I will make the city of the_outpost safe again!,¡Déjemelo a mí! ¡Haré que la ciudad de the_outpost vuelva a ser segura!,Deixe comigo! Eu farei com que a cidade de the_outpost fique segura novamente!
DLG52_1718897790,Thank you very much Nabig.,Muchas gracias señorita Nabig.,Muito obrigado Nabig.
DLG2_1704732290,Are you still having the same nightmare?,¿Sigues teniendo la misma pesadilla?,O mesmo pesadelo de sempre?
DLG41_1705004200,It is located in highwall.,Se encuentra en highwall.,Se encontra em highwall.
DLG13_1690912429,"And thanks to you, I have the material I needed.","Y gracias a ti, tengo el material que me hacía falta.","E graças a você, eu tenho o material necessário."
DLG11_1705071479,"With the information obtained after the attack in the city of the_outpost, a few things caught my attention.","Con la información obtenida después del ataque en la ciudad de the_outpost, algunas cosas me llamaron la atención.","Com a informação obtida após o ataque na cidade de the_outpost, algumas coisas chamaram minha atenção."
DLG2_1718664090,Could this be Joseph Cavendish's medallion?,¿Podría ser este el medallón de Joseph Cavendish?,Poderia ser o medalhão de Joseph Cavendish?
DLG12_1675875857,Die in agony!,¡Muere en agonía!,Morra em agonia!
DLG13_1718748417,That's what I should be asking...,Es lo que yo debería preguntar...,Eu que deveria perguntar isso…
DLG20_1671137942,"And when I succeed, I will ask them to let you go.","Y cuando lo logre, pediré que te dejen ir.","E quando eu conseguir, eu irei pedir a eles para te liberar."
DLG3_1723844799,What a pleasure to see you again.,Qué gusto volverla a ver.,Que prazer em te ver novamente.
DLG4_1671136581,Look at you... How you've grown...,Mírate... cuánto has crecido...,Olhe para você...O quanto você cresceu…
WATCHOUT,Watch out!,¡Cuidado!,Cuidado!
DLG18_1718312954,I'm ready to take on anyone.,Estoy listo para enfrentarme a quien sea.,Estou pronto para enfrentar qualquer um.
DLG2_1722549314,"Hi Nabig, Do you need help?","Hola Nabig, ¿Necesitas ayuda?","Olá Nabig, Precisa de ajuda?"
DLG9_1725643091,"Oh, that would be a great help.","Oh, eso sería de gran ayuda.","Oh, isso seria de grande ajuda."
DLG4_1709065925,It seems that my message did not reach you. I need to talk to you in my office.,Parece que mi mensaje no te ha llegado. Necesito hablar contigo en mi oficina.,Parece que minha mensagem não chegou até você. Eu preciso falar com você em meu escritório.
DLG11_1690912410,Insolence to our lord is paid with endgame.,La insolencia a nuestro señor se paga con la muerte.,Insolência dirigida à Vossa Eminência é paga com a morte.
DLG19_1722549314,"As I said before, the elemental sample should be as pure as possible. A sample with impurities would give an erroneous result.","Como dije antes, la muestra elemental debe ser lo más pura posible. Una muestra con impurezas arrojaría resultados érroneos.","Como eu disse antes, a amostra elemental deveria ser a mais pura possível. Uma amostra com impurezas nos daria um resultado equivocado."
DLG12_1725643091,So the area west of highwall is a good place to investigate.,Así que el área oeste de highwall es un buen lugar donde investigar.,Então a área oeste de highwall é um bom lugar para investigar.
DLG7_1712163955,I came by orders of our Lord.,Vine por órdenes de nuestro Señor.,Eu vim por ordem da Vossa Eminência.
DLG23_1723066397,That child...,Ese niño...,Essa criança…
DLG21_1719417607,shay Avicenna was a merchant who traveled throughout the continent in search of treasures or knowledge to profit from.,shay Avicena fue un comerciante que viajaba a lo largo del continente en busca de tesoros o conocimiento al cual poder sacarle provecho.,shay Avicenna foi um comerciante que viajou por todo o continente a procura de tesouros ou conhecimento para tirar proveito.
DLG19_1712768333,Right.,Cierto.,Ok.
DLG41_1705010680,"Well, I've done my part.","Bien, ya cumplí con mi parte.","Bem, eu fiz a minha parte."
DLG5_1686779687,"But that's it, I've taken care of all the demons.","Pero ya está, ya me encargué de todos los demonios.","Mas é isso, Já cuidei de todos os demônios."
DLG5_1723667871,The rumors must be true... You are the human who foiled the plans of [color=yellow]Xiquiripat.[/color],Los rumores deben ser ciertos... Eres el humano que frustró los planes de [color=yellow]Xiquiripat.[/color],Os rumores devem ser verdadeiros... Você é o humano que frustrou os planos de [color=yellow]Xiquiripat.[/color]
DLG7_1675875857,(She is a Chlorine Alchemist!),(¡Ella es una Alqumista de Cloro!),(Ela é uma Alquimista de Cloro!)
DLG7_1726500626,Three thousand years ago there was a war between two sides...,Hace tres mil años hubo una guerra entre dos bandos...,Trezentos anos atrás houve uma guerra entre duas frentes…
DLG4_1671139129,Create an [color=yellow]Alloy[/color] of Iron+Carbon from the alchemy system to increase the hardness of the whip.,Crea una [color=yellow]Aleación[/color] de Hierro+Carbono desde el sistema de alquimia para aumentar la dureza del látigo.,Cria uma [color=yellow]liga[/color] de Ferro+Carbono do sistema de alquimia para aumentar a durabilidade do chicote.
DLG66_1705090606,What?,¿Qué?,Como?
DLG9_1704732290,"Are you serious? Your life was in danger, and you care about that?","¿Es en serio? Tu vida estuvo en peligro, ¿y te preocupa eso?",Está falando sério? Sua vida estava em perigo e ainda se importa com isso?
DLG12_1704732290,I... I must go...,Yo... Debo irme...,Eu... Eu devo ir…
DLG21_1724085796,"When I was rescued, my only desire was to become stronger and take revenge.","Cuando me rescataron, mi unico deseo fue el de volverme más fuerte y vengarme.","Quando fui resgatada, meu único desejo era de me tornar mais forte e ter a minha vingança."
DLG21_1712163955,So I prefer to avoid the fatigue.,Así que prefiero evitarme la fátiga.,Então eu prefiro evitar a fadiga.
DLG1_1675878395,Damn! Can't get out!,¡Maldita sea! ¡No puedo salir!,Droga! Eu não consigo sair!
DLG17_1712163955,Uhm...,Uhm...,Uhm…
DLG48_1705090606,But I doubt very much that you came here wanting to debate those issues.,Pero dudo mucho que hayas venido a querer debatir sobre esos temas.,Mas eu duvido bastante que você veio aqui para debater sobre essas questões.
DLG28_1704732290,What happened to all the things I had?,¿Qué ha pasado con todas las cosas que tenía?,O que aconteceu com os meus pertences?
DLG30_1705090606,"Yes, of course.","Sí, claro.","Sim, claro."
DLG17_1726500626,The reverse dispersion prism...,El prisma de dispersión inversa...,O prisma de dispersão reverso…
DLG17_1704732290,But tomorrow I'm going after john. That's all there is to it.,"Pero mañana saldré en busca de john, no me importa nada más.","Porém amanhã eu irei procurar pelo john, Eu não me importo com mais nada."
DLG3_1705684052,"I could break down that door, but that's considered a crime...","Podría derribar esa puerta, pero eso es considerado un delito...","Eu podia quebrar essa porta, mas isso é considerado um crime…"
DLG8_1718387263,This Alchemist spent two years infiltrating the Ahuizotes.,Esta Alquimista estuvo dos años infiltrada en los Ahuizotes.,Essa Alquimista passou dois anos infiltrada entre os Ahuizotes.
DLG8_1705004200,That's right...,Así es...,Exatamente…
DLG13_1705004200,"I know you must have your own problems, but please....","Sé que usted debe tener sus propios problemas, pero por favor...","Eu sei que você deve ter seus próprios problemas, mas por favor…"
DLG16_1690912429,Did you... Did you create Termite!?,Acaso... ¿¡Has creado Termita!?,Você... Você criou Termite!?
DLG12_1671136581,"Don't worry, Eve. Her mind has only been tainted with the thoughts of the ungodly that prevent her from seeing the reality of this world and...","Descuida, Eve. Su mente solo se ha manchado con el pensamiento de los impíos que le impiden ver la realidad de este mundo y...","Não se preocupe, Eve. A mente dela está manchada com pensamentos dos ímpios para preveni-la de ver a realidade deste mundo e... "
DLG76_1718897790,Of course.,Por supuesto.,É claro.
DLG24_1704732290,"By the way, I will be in the_core for a few months.","Por cierto, estaré en the_core durante algunos meses.","A propósito, estarei em the_core por alguns meses."
DLG60_1671137942,(This kid's got heart. Respect.),(Este chico tiene agallas. Respeto.),(Esse garoto tem coragem. Respeito.)
DLG9_1718311861,She intended to approach our Lord with a malevolent plan in mind.,Pretendía acercarse a nuestro Señor con un malévolo plan en mente.,Ela havia a intenção de se aproximar de Vossa Eminência com intenções malevolentes em mente.
DLG40_1718897790,That's the name of my kittens.,Así se llaman mis gatitos.,São os nomes de meus gatinhos.
DLG38_1723066397,"Nothing is known about it, he disappeared after his father's endgame.","No se sabe nada al respecto, desapareció después de la muerte de su padre.","Nada se sabe sobre isso, ele desapareceu após a morte de seu pai."
DLG26_1706222258,I came to this city on a mission. Nothing else matters.,Vine a esta ciudad por una misión. Nada más importa.,Eu vim a esta cidade em missão. Nada mais importa.
DLG1_1718312954,What the hell...,Qué demonios...,Que diabos…
DLG3_1726182471,That bastard easily wiped out all of us.,Ese maldito acabó fácilmente con todos nosotros.,Esse maldito acabou facilmente com todos nós.
DLG16_1718897790,You look worried.,Te veo preocupado.,Você parece preocupado.
DLG8_1719417607,We must continue to thwart their plans to weaken them from within.,Debemos seguir frustrando sus planes para debilitarlos desde adentro.,Nós devemos continuar frustrando seus planos para enfraquecê-los por dentro.
DLG16_1704732290,Tonight only I will rest.,Solo esta noche descansaré.,Hoje à noite você apenas descansará.
DLG1_1705684052,That's a door sealed with mana...,Eso es una puerta sellada con maná...,É uma porta selada com mana…
DLG13_1719417607,Will you know anything about it?,¿Sabrás algo al respecto?,Você sabe alguma coisa sobre isso?
DLG11_1723667871,So you are also a Toziuha. What do you want?,Así que eres también un Toziuha. ¿Qué es lo que quieres?,Então você também é um Toziuha. O que você quer?
DLG34_1705004200,You haven't found anything about my daughter?,¿No ha encontrado nada sobre mi hija?,Você não achou nada sobre a minha filha?
DLG15_1690912429,I have been oxidizing the Iron particles you have transmuted.,He estado oxidando las partículas de Hierro que has transmutado.,Eu estive enferrujando as partículas de ferro que você transmutou.
DLG29_1724085796,"You're a weird boy, Atreu.","Eres un chico raro, Atreu.","Você é um rapaz estranho, Atreu."
DLG19_1724085796,That person killed my brother and a kind woman who was like a foster mother to me.,Esa persona mató a mi hermano y a una mujer amable que fue como una madre adoptiva para mí.,Essa pessoa matou meu irmão e uma gentil mulher que era como uma mãe adotiva para mim.
DLG9_1690912410,An Adeptis...,Con que un Adeptis...,Um Adeptis...
DLG3_1705075346,Remember that I will need some item from a dead Ahuizote to start my research.,Recuerda que necesitaré algún item de un Ahuizote muerto para comenzar mi investigación.,Lembre que eu precisarei de um certo item de um Ahuizote morto para começar minha pesquisa.
DLG29_1722549314,"Okay, come back if you need my help again.","Está bien, regresa si necesitas de nuevo mi ayuda.","Tudo bem, volte se precisar da minha ajuda novamente."
DLG5_1726518782,Atreu! What are you doing here?,¡Atreu! ¿Qué haces aquí?,Atreu! O que você está fazendo aqui?
DLG12_1690912410,"Stupid boy, can't you see he's just using you? john doesn't give a damn about you.","Estúpido niño, ¿no ves que solo te está usando? No le importas nada a john.","Garoto estúpido, não consegue notar que ele está te manipulando? john não se importa nem um pouco com você."
DLG11_1722530103,"[color=yellow]Legend has it that in the beginning of time, before the sun was born, there was an intense light...[/color]","[color=yellow]Cuenta la leyenda que en el principio de los tiempos, antes de que el sol naciera existía una luz intensa...[/color]","[color=yellow]A lenda diz que nos primórdios do tempo, antes do Sol nascer, havia uma luz intensa…[/color]"
DLG5_1671136236,The map has been updated with new information. Check out the newly marked points of interest and texts left by enemies.,El mapa ha sido actualizado con nueva información. Revisa los nuevos puntos de interés marcados y textos dejados por enemigos.,O mapa foi atualizado com uma nova informação. Cheque os novos pontos de interesse sinalizados e textos deixados pelos inimigos.
DLG32_1706222258,I should break your face so you stop talking nonsense.,Debería partirte la cara para que dejes de hablar tonterías.,Eu deveria quebrar a sua cara então pare de falar besteiras.
DLG2_1721926706,"If you exceed this limit, you will progressively lose health unless you return to the surface for air.",Al sobrepasar este límite perderás salud progresivamente a menos que vuelvas a la superficie a tomar aire.,"Se você exceder esse limite, você progressivamente perderá saúde ao menos que retorne à superfície."
DLG10_1712764975,And that is why our duty is to purge the plague that stands in the way of Athos' will.,Y es por eso que nuestro deber es purgar a la peste que se interpone a la voluntad de Athos.,E por isso que nossa função é purificar a praga que fica no caminho da vontade de Athos.
DLG11_1722549314,Star of the day,La estrella del día,A estrela do dia
DLG25_1712163955,No...,No...,No…
DLG23_1718748417,From the description given to me by the man in the store...,Por la descripción que me dio el hombre de la tienda...,Pela descrição dada pelo dono da loja...
DLG35_1705010680,And don't forget to buy [color=yellow]Coffee and some bread[/color] if it's not too much trouble.,Por supuesto. ¡Ah! Y no olvides también comprar [color=yellow]Café y algo de Pan[/color] si no es mucha molestia.,E não se esqueça de comprar [color=yellow]Café e pão[/color] se não for muito incômodo.
DLG50_1705090606,I suspect the city is under a Yersinia Pestis infection. ,Sospecho que la ciudad está bajo una infección de la Yersinia Pestis. ,Eu suspeito que a cidade está diante de uma epidemia da Yersinia Pestis.
DLG12_1671133094,Did you see some people wearing masks?,¿Has visto a algunas personas con máscaras?,Você viu algumas pessoas usando máscaras?
DLG14_1671136581,Shut up! I'm not interested in listening to your crap and absurd ideas. ,¡Cállate! No me interesa escuchar tu palabrería y absurdas ideas. ,Cale-se! Não me interessa em escutar suas ideias absurdas.
DLG51_1718748417,"Thanks, I guess...","Gracias, supongo...","Obrigado, eu acho…"
DLG42_1671137942,"My name is Atreu. I'm a novice alchemist. It's an honor to meet you, Nabig.","Me llamo Atreu, soy un aprendiz de Alquimista. Es un honor poder conocerla señorita Nabig.","Meu nome é Atreu, sou um alquimista novato. É uma honra te encontrar, senhorita Nabig."
DLG11_1705090606,The Ahuizotes are a threat to peace in the_core and the rest of the world. We must eradicate them.,Los Ahuizotes son una amenaza para la paz en the_core y el resto del mundo. Debemos erradicarlos.,Os Ahuizotes são uma ameaça a paz de the_core e ao resto do mundo. Nós devemos erradicá-los.
DLG15_1686779687,Uhm?,¿Uhm?,Uhm?
DLG7_1705004200,Seeing your face I guess you haven't found your daughter...,Viendo tu cara supongo que no has encontrado a tu hija...,Pela a expressão em teu rosto eu vejo que você não encontrou a sua filha…
DLG70_1705090606,There is no time to lose.,No hay tiempo que perder.,Não há tempo a perder.
DLG8_1712768333,"Brother... sorry, I couldn't defeat her.","Hermano... perdón, no pude derrotarla.","Irmão... me desculpe, eu não pude derrotá-la."
DLG15_1705071479,"If my hypothesis is correct, [color=yellow]it may be that the Ahuizotes consume something[/color] that mutates their bodies and alters their minds.","Si mi hipotésis es correcta, [color=yellow]puede ser que los Ahuizotes consuman algo[/color] que hace mutar sus cuerpos y alterar sus mentes.","Se a minha hipótese está correta, [color=yellow] é algo que os Ahuizotes consomem[/color] que mutacionam seus corpos e alteram suas mentes."
DLG44_1705090606,The followers of that religion say that Athos is the true father of modern Alchemy.,Los seguidores de esa religión dicen que Athos es el verdadero padre de la Alquimia moderna.,Os seguidores dessa religião dizem que esse tal Athos é o verdadeiro pai da Alquimia moderna.
DLG59_1705090606,"I will take care of that matter. Thanks to our doctors and science, we have the power to cure that disease.","Me encargaré de ese asunto. Gracias a nuestros médicos y a la ciencia, tenemos el poder de curar esa enfermedad.","Me encarregarei deste assunto. Graças aos nossos médicos e a ciência, nós temos o poder de curar essa doença."
DLG20_1726500626,You psycho. I'm not letting you walk away from this.,"Maldito psicópata, ¡No dejaré que te salgas con la tuya!","Seu maldito psicopata, Eu não deixarei que fique impune!"
DLG28_1718748417,"No. I don't remember anything, sorry.","No... no lo sé. No recuerdo nada, perdón.","Não. Não lembro de nada, sinto muito."
DLG3_1686778008,Huh? Margaret?,¿Eh? ¿Margaret?,O que? Margaret?
DLG15_1723066397,"It is a recent invention, although not accessible to everyone.","Es un invento reciente, aunque no accesible para cualquier persona.","É uma recente invenção, porém não é acessível para todos."
DLG9_1723066161,"Anyway, whenever you come to the lab, I'll be here. If you need help, you can ask me anything you want.","En fin, cada vez que vengas al laboratorio estaré aquí. Si necesitas ayuda, puedes preguntarme lo que quieras.","De qualquer forma, quando você for ao laboratório, eu estarei aqui. Se você precisar de ajuda, você pode me perguntar qualquer coisa que você quiser."
DLG10_1718312954,I would like to stay to clear the air.,Me gustaría quedarme para saldar cuentas...,Eu gostaria de ficar para acertar as contas.
DLG54_1705004200,"Yeah, whatever. This rescue has taken up some of my time. But I've held up my end of the bargain.","Sí, lo que sea. Este rescate me ha quitado algo de tiempo. Pero he cumplido con mi parte del trato.","Ok, não me importo. Esse resgate me dedicou um pouco do meu tempo. Mas eu cumpri minha parte do trato."
DLG60_1718897790,"Yes. Good luck to you, Nabig.","Sí. Que le vaya bien, señorita Nabig.","Sim. Boa sorte para você, Nabig."
DLG49_1705090606,"It's not something that interests me, but I must tell you something I have discovered.","No es algo que me interese, pero debo decirle algo que he descubierto.","Não é algo que me interessa, mas eu devo dizer algo que descobri."
DLG24_1706222258,Damn Adeptis... what the hell are the Ahuizotes planning to do?,Maldito Adeptis... ¿qué demonios piensan hacer Los Ahuizotes?,Maldito Adeptis... o que diabos os Ahuizotes planejam fazer?
DLG7_1718897790,Of course.,Claro.,É claro.
DLG20_1705354727,"Don't try anything, otherwise we will derail this train.","No intenen nada, de lo contrario descarrilaremos este tren.","Não tentem nada, caso contrário nós iremos descarrilhar esse trem."
DLG26_1722530103,Or is there a traitor among us?,¿O hay algún traidor entre nosotros?,Ou há um traidor entre nós?
DLG9_1718312954,Nabig...,Nabig...,Nabig... 
DLG16_1686779687,What is that white powder?,¿Qué es ese polvo blanco?,O que é esse pó branco?
DLG37_1705004200,I understand...,Entiendo...,Eu entendo.
DLG12_1718312954,"Ah, I thought so... ","Ah, lo suponía... ","Ah, como eu pensei… "
DLG2_1718387263,And about the first phase of its creation? What does what happened in Transylvania have to do with it?,Y sobre la primera fase de su creación... ¿Qué tiene que ver lo ocurrido en Transilvania?,E sobre a primeira fase de sua criação? O que aconteceu na Transilvânia tem a ver com isso?
DLG13_1671133094,Yes! I saw several... Please! Find my daughter!,¡Si! Vi a varios... ¡Por favor! ¡Encuentren a mi hija!,"Sim! Eu vi várias...Por favor, encontre minha filha!"
DLG10_1705004200,"Please, I beg you, look for my daughter. She is a little blonde girl with red eyes and...","Por favor, se lo ruego, busque a mi hija. Es una niña rubia de ojos rojos y...","Por favor, eu te imploro, procure pela minha filha. Ela é uma garotinha loira com olhos vermelhoe e…"
DLG7_1722530103,And the reason why the Ahuizotes attacked this city.,Y la razón del porque los Ahuizotes atacaron esta ciudad.,E a razão do motivo que os Ahuizotes atacaram a cidade.
DLG8_1705090606,john Trithemius... a rather troublesome man.,john Trithemius... un hombre bastante problemático.,john Trithemius... um homem um tanto problemático.
DLGIMUSTUSELUX,Can't move through here without some light.,No sería buena idea avanzar en un lugar tan oscuro sin tener algo con qué iluminar...,Não seria uma boa ideia avançar num local tão escuro e sem nada para iluminar o caminho…
DLG12_1705071479,Do you know that Ahuizotes are really people and not demons?,¿Sabes que los Ahuizotes realmente son personas y no demonios?,Você sabe que os Ahuizotes são humanos ao invés de demônios?
DLG10_1705090606,"Their ideas pollute people's minds, and their group of religious fanatics has increased considerably in recent years.",Sus ideas contaminan la mente de las personas y su grupo de fanáticos religiosos ha aumentando bastante en los últimos años.,Suas ideias poluem as mentes das pessoas e seu gupo de fanáticos religiosos tem aumentado consideravelmente nesses tempos.
DLG11_1725643091,"Well, he brings us ingredients from Tahuatepetl islets, passing near the highwall Ruins...","Bueno, él nos trae ingredientes desde las Isletas de Tahuatepetl, pasando cerca de las Ruinas de highwall...","Bem, ele nos trás os mantimentos das Ilhotas Tahuatepetl, passando próximo das Ruínas de highwall…"
DLG15_1718312954,But no more! I have to meet Lord Trithemius' expectations.,¡Pero no más! Tengo que cumplir con las expectativas del Señor Trithemius.,Mas não mais! Eu tenho que atender as expectativas da Vossa Eminência Lorde Trithemius.
DLG20_1718897790,It's about my kittens.,Es sobre mis gatitos.,São os meus gatinhos.
DLG11_1719417607,We are still analyzing the information she has left us.,Todavía seguimos analizando la información que nos ha dejado.,Nós ainda estamos analisando a informação que ela nos deixou.
DLG6_1705354727,Ah...,Ah...,Ah…
DLG8_1713547682,What?,¿Qué?,O que?
DLG7_1723844799,Ah... I guess congratulations. You're not doing too bad at all from what I can see.,Ah... supongo que felicidades. No lo estás haciendo nada mal por lo que veo.,"Ah... parabéns. E pelo que posso ver, você não está nada mal."
DLG2_1675875815,"Gotta admit, you a tough one.","Debo admitirlo, eres un hueso duro de roer.","Eu tenho que admitir, você é osso duro de roer."
DLG3_1705354727,"I repeat, the_barrens Station.","Repito, Estación de the_barrens.","Repito, Estação de the_barrens."
DLG28_1706222258,Ah?,¿¡Ah!?,Ah?
DLG6_1686779687,...,...,...
DLG24_1718897790,And you want me to go look for them?,¿Y quieres que yo vaya a buscarlos?,E você quer que eu vá até lá para buscá-los?
DLG18_1705354727,"Dear passengers. If you want to stay alive, please remain calm and follow our instructions.",Estimados pasajeros. Si quieren seguir con vida mantengan la calma y sigan nuestras instrucciones.,"Queridos passageiros. Se vocês querem ficar vivos, por favor fiquem calmos e sigam nossas instruções."
DLG14_1723667871,Now I see why john wants you dead. You pose a serious threat to his plans.,Ahora veo porque john te quiere muerto. Representas una seria amenaza en sus planes.,Agora eu sei o motivo que john quer você morto. Você é uma séria ameaça aos planos dele.
DLG5_1722549314,The seven metals,Los siete metales,Os sete metais
DLG10_1723066161,It's okay.,Está bien.,Tudo bem.
DLG1_1718635933,So this is what's left of highwall...,He llegado a las ruinas de lo que una vez fue la ciudad de highwall...,Cheguei às ruínas que um dia foram a cidade de highwall...
DLG28_1722530103,May I come in and take a look?,¿Puedo entrar a dar un vistazo?,Posso entrar e dar uma olhada?
DLG45_1671137942,Ah... my head hurts...,Ah... me duele la cabeza...,Ah...minha cabeça dói…
DLG11_1718897790,I only do jobs if the reward is good.,Solo hago trabajos si la recompensa es buena.,Eu apenas aceito quando a recompensa é boa.
DLG6_1713547682,Shut up you scoundrel! Who are you? Answer me now!,¡Cállate sinverguenza! ¿Quien eres tú? ¡Responde ahora!,Cale a boca seu canalha! Quem é você? Responda agora!
DLG7_1677779048,He didn't make it. What a pity…,Él no lo ha logrado. Es una pena...,Ele não foi bem-sucedido. É uma pena...
DLG25_1718897790,"Yes, I don't have any money, but...","Sí. Yo no tengo dinero, pero... ","Sim, eu não tenho dinheiro, mas…"
DLG23_1724085796,Don't worry.,Descuida.,Não se preocupe.
DLG37_1718897790,"So I give you one of their toys, just having it will make them go with you.","Así que le entrego uno de sus juguetes, con solo tenerlo hará que ellos se vayan con usted.","Então eu te dou um de seus brinquedos, apenas de estar com você fará com que eles te sigam."
DLG64_1718897790,Thank you for your help. I hope you find the Daguerreotype useful.,Gracias por ayudarme. Espero que el Daguerrotipo le sea de utilidad.,Obrigado pela ajuda. Eu espero que o Daguerreótipo seja útil.
DLG6_1690912410,What the hell do you want?,¿Qué demonios quieres?,O que diabos você quer?
DLG16_1726500626,To remove the seal it needed a special [color=yellow]object[/color].,Para quitar el sello necesitaba un [color=yellow]objeto especial.[/color],Para remover o selo é necessário um [color=yellow]objeto[/color] especial.
DLG9_1712764975,He wants to form a new world without evil.,Él quiere formar un nuevo mundo sin maldad.,Ele quer criar um novo mundo sem o mal.
IFICONGELATEWATER,I could try to freeze that water....,Podría tratar de congelar esa agua...,Eu podia congelar essa água.…
DLG3_1713547682,"Oh, my. What an unfortunate encounter.","Oh, vaya. Qué desafortunado encuentro.",Minha nossa. Mas que encontro trágico.
DLG14_1705004200,"If on your way you find clues, or something that leads to his whereabouts, I will be very grateful.","Si en su camino encuentra pistas, o algo que de con su paradero, le estaré muy agradecido.","Se encontrar pistas durante o seu caminho ou que leve ao seu paradeiro, ficarei extremamente grato."
DLG1_1686778008,Huh. Wasn't expecting to run into anyone out here.,Huh. No esperaba encontrarme con nadie aquí.,Huh. Não esperava encontrar ninguém por aqui.
DLG4_1705075346,"Yes, of course.","Sí, claro.","Sim, é claro."
DLG18_1713547682,"Don't run away, coward!","¡No huyas, cobarde!","Não fuja, covarde!"
DLG58_1705004200,"Well, we're even.","Bien, estamos a mano.","Bem, estamos quites."
DLG10_1718748417,"A kid, in this place?","¿Un niño, en este lugar?","Uma criança, nesse lugar?"
DLG16_1705071479,Interesting... I will try to talk to Mrs. Alessa about it.,Interesante... trataré de hablar con la señora Alessa al respecto.,Interessante... Eu tentarei falar com a Sra. Alessa sobre isso.
DLG5_1725643091,When will you have the cooking supplies?,¿Cuándo tendrán los suministros para cocinar?,Quando vocês terão os mantimentos?
DLG6_1712764975,In the eyes of john you are just puppets.,A los ojos de john ustedes son solo marionetas.,Aos olhos de john vocês são meros fantoches.
DLG24_1718748417,"Your name is Aura, right?","¿Te llamas Aura, verdad?","Seu nome é Aura, certo?"
DLG19_1686779687,Uhm... I was expecting some money...,Uhm... esperaba algo de dinero...,Uhm... Eu estava esperando uma recompensa financeira…
DLG7_1671136581,"Are you kidding me, bastard? I'll beat that smile off your face!",¡Púdrete john! ¡Te borraré esa sonrisa a golpes!,"Você está brincando comigo, maldito? Eu tirarei esse sorriso da sua cara!"
DLG3_1712768333,In highwall your skills were nothing in comparison...,En highwall tus habilidades no eran nada en comparación...,Em highwall suas habilidades não eram nada em comparação…
DLG18_1722549314,Should I just look for a sample element and put it in the Spectroscope?,¿Solo debo buscar una muestra de elemento y ponerlo en el Espectroscopio?,Eu deveria dar uma olhada na amostra elemental e colocar no Espectroscópio?
DLG18_1712768333,"Silly, now is not the time to celebrate, we have to leave and prepare a plan of attack against that Alchemist.","Tonta, ahora no es el momento de celebrar, tenemos que irnos y preparar un plan de ataque contra esa Alquimista.","Tola, agora não é hora de celebrar, nós temos que ir e preparar um plano de ataque contra essa Alquimista."
DLG7_1712768333,annie!,¡annie!,annie!
DLG2_1709066959,Maps are useful in these cases.,Los mapas son útiles en estos casos.,Mapas são úteis nestes casos.
DLG13_1706222258,Let's skip the theatrics. You one of those Ahuizote people?,Ahórrate el drama. ¿Eres uno de esos Ahuizotes?,Deixa o drama de lado. Você é um dos Ahuizotes?
DLG2_1719417607,Good work.,Buen trabajo.,Bom trabalho.
DLG9_1718387263,And now it has ended up like this...,Y ahora ha acabado así...,E agora acabou nesse estado…
DLG1_1709066959,You seem a bit lost. Train station's on the other side.,Parece que estás algo perdido. La estación de tren se encuentra al otro lado.,Você parece estar um pouco perdido. A estação de trem é do outro lado.
DLG19_1719417607,"shay... wow, that's unexpected. We hadn't heard from him in a long time.","shay... vaya, eso es inesperado. No teníamos noticias suyas desde hace mucho tiempo.","shay... uau, que inesperado. Nós não tínhamos notícias dele por um longo tempo."
DLG19_1671137942,I will become the person they are looking for.,Me convertiré en esa persona que buscan.,Eu me tornarei a pessoa que estão procurando.
DLG5_1704732290,What... what happened?,¿Qué... qué ha pasado?,O que... o que houve?
DLG46_1705090606,Who we could say [color=yellow]was the first alchemist[/color].,Quien podríamos decir [color=yellow]fue el primer alquimista.[/color],Quem nós podemos dizer [color=yellow]que foi o primeiro alquimista[/color].
DLG19_1705090606,[color=yellow]I want you to go to the station to the east of our headquarters[/color] and make sure everything is going well.,[color=yellow]Quiero que vayas a la estación que se encuentra al Este de nuestra sede[/color] y te asegures que todo vaya bien.,[color=yellow]Eu quero que você vá à estação ao leste de nossa sede[/color] e tenha certeza que tudo esteja sob controle.
DLG23_1719417607,People had become addicted to a substance called [color=yellow]red mercury[/color].,La gente se había vuelto adicta a una sustancia llamada [color=yellow]mercurio rojo[/color].,Pessoas ficaram viciadas em uma substância chamada [color=yellow]mercúrio vermelho[/color].
DLG1_1678397417,Important safety note on [color=yellow]Nitroglycerin[/color] containers.,Nota importante de seguridad sobre los contenedores de [color=yellow]Nitroglicerina.[/color],Nota importante de segurança nos contêineres de [color=yellow]Nitroglicerina[/color].
DLG25_1705004200,(That's so strange... what do they plan to do with that girl?),(Eso es tan extraño... ¿qué piensan hacer ellos con esa niña?),(Isso é tão estranho... o que eles planejam fazer com aquela garota?)
DLG9_1726500626,"However, the disciples of Athos would not stand idly by in the face of the injustice that fell upon their master. ","Sin embargo, los discípulos de Athos no se quedarían de brazos cruzados ante la injusticia que cayó sobre su maestro. ","Porém, os discípulos de Athos não ficariam de braços cruzados de encarar a injustiça caindo em seu mestre."
DLG12_1726500626,The [color=yellow]ultimate weapon[/color] that Athos' followers were preparing and could not finish.,El [color=yellow]arma definitiva[/color] que los seguidores de Athos estaban preparando y que no pudieron terminar.,A [color=yellow]arma definitiva[/color] que os seguidores de Athos estavam preparando e não puderam finalizar.
DLG01GRIJLETTER,It seems that the person who lived here left a letter...,Parece que quien vivía aquí dejó una carta...,Parece que uma pessoa que viveu aqui deixou uma carta…
DLG9_1705004200,I have been told that there are Alchemists investigating but I have not received any news for days...,Me han dicho que hay Alquimistas investigando pero llevo días sin recibir noticias...,Já foi dito que os Alquimistas estão investigando mas faz dias não recebi nenhuma notícia...
DLG4_1718312954,Sick bastards.,Malditos enfermos.,Seus loucos malditos.
DLG44_1718897790,All right. If I get to the_outpost I'll check the place out a bit.,Está bien. Si llego a the_outpost revisaré un poco el lugar.,Certo. Se eu for à the_outpost vou dar uma olhada.
DLG4_1719417607,Tell me the details.,Cuéntame los detalles.,Me diga os detalhes.
DLG19_1722530103,So Jean Neumann was working for The Order? What do they want to create this primordial light for?,¿Así que Jean Neumann trabajaba para La Orden? ¿Para qué quieren crear esa luz primigenia?,Então Jean Neumann estava trabalhando para A Ordem? Qual é o objetivo que eles querem criar com essa luz primordial?
DLG12_1705004200,"I have heard of your achievements, Nabig. You are a strong Alchemist.","He escuchado de sus hazañas, Nabig. Es un Alquimista fuerte.","Eu ouvi falar de seus feitos, Nabig. Você é um Alquimista forte."
DLG3_1723066136,It is a [color=yellow]Spectroscope[/color].,Es un [color=yellow]Espectroscopio.[/color],Isso é um [color=yellow]Espectroscópio[/color].
DLG24_1719417607,A couple of drops were enough to be under its terrible effects.,Un par de gotas eran suficiente para estar bajo sus terribles efectos.,Poucas gotas são suficientes para estar sob efeitos terríveis.
DLG2_1705071479,"Ah, Nabig!","Ah, ¡Nabig!","Ah, Nabig!"
DLG24_1705090606,You will have a V.I.P pass to use the train free of charge.,Tendrás pase V.I.P para usar el tren sin costo alguno.,Você terá um passe V.I.P para usar o trem de graça.
DLG40_1705010680,What a delight! Thank you very much Nabig.,¡Pero qué delicia! Muchas gracias Nabig.,Mas que banquete! Muito obrigado Nabig.
DLG22_1705004200,What do you mean?,¿A qué te refieres?,O que você quer dizer?
DLG20_1705004200,"I would like to go in search of her, but there are demons beyond the cities.","Quisiera ir yo en su búsqueda, pero hay demonios más allá de las ciudades.","Eu gostaria de ir procurá-la, mas há demônios além das cidades."
DLG15_1713547682,"Wretch. Come Adeptis, I'll break that disgusting face of yours.","Miserable. Ven Adeptis, te partiré esa repugnante cara.","Miserável. Venha Adeptis, vou quebrar essa sua cara nojenta."
DLG12_1722549314,"I wonder what he means by ""the star of the day"".","Me pregunto a qué se refiere con ""la estrella del día"".","Me pergunto o que se refere com ""a estrela do dia""."
DLG3_1671136581,"Oh, Nabig. What a pleasant surprise.","Oh, Nabig. Qué grata sorpresa.","Oh, Nabig, Que agradável surpresa."
DLG3_1726501446,Let's get this over with at once.,Acabemos con esto de una vez.,Vamos acabar com isso de uma vez por todas.
DLG4_1686779687,Uh... I had other business to attend to.,Eh... tenía otros asuntos por resolver.,Uh... Eu tenho outros assuntos a tratar.
DLG1_1726588428,Atreu!,¡Atreu!,Atreu!
DLG15_1677779048,Make the seas churn uncontrollably.,Que los mares se agiten sin control.,Que os mares agitem descontroladamente.
DLG20_1722530103,"It's a secret, he, he.",Es un secreto.,"É um segredo, he, he."
DLG58_1705090606,I understand.,Entiendo.,Eu entendo.
DLG23_1722549314,The guardian of the night,La guardiana de la noche,A guardiã da noite
DLG7_1719417607,It costs a lot of money to maintain an organization; surely the Cavendish fortune has reached its limit.,"El mantenimiento de una organización cuesta mucho dinero, seguramente la fortuna de los Cavendish ha llegado a su límite.",Custa muito dinheiro para manter uma organização; Certamente a fortuna do Cavendish chegou ao limite.
DLG77_1671137942,Okay. If you say so...,Bueno. Si usted lo dice...,"Ok, já que diz."
DLG7_1718312954,I guess you are another Adeptis?,Supongo que tú eres otro Adeptis...,Suponho que você seja outro Adeptis?
DLG12_1723667871,I am Ahalcaná.,Soy Ahalcaná.,Me chamo Ahalcaná.
DLG23_1690912410,Enough!,¡Suficiente!,Chega!
DLG2_1671136581,I've finally found you...,Al fin te he encontrado...,Finalmente eu te encontrei…
DLG2_1690912429,This fight has dragged on longer than I thought....,Esta pelea se ha alargado más de lo que pensé...,Essa luta se arrastou por mais tempo que eu pensava.…
DLG58_1671137942,Oh... Nabig said something good about me...,Oh... Nabig dijo algo bueno sobre mí...,Oh... Nabig falou algo bom sobre mim...
DLG47_1718748417,You should get out of here. Your father looked very worried.,Deberías salir de aquí. Tu padre se miraba muy preocupado..,Você deveria sair daqui. Seu pai parecia bastante preocupado.
DLG4_1705684052,"When I went to the_outpost I lost the magic medallion I had, [color=yellow]I should buy one in the store.[color=yellow].","Cuando fui a the_outpost perdí el medallón mágico que tenía, [color=yellow]debería comprar uno en la tienda.[color=yellow]","Quando eu fui à the_outpost eu perdi o medalhão mágico que eu possuía, [color=yellow]eu deveria comprar um na loja.[color=yellow]."
DLG11_1671134583,"I have better things to do, kid.","Tengo mejores cosas que hacer, chico.","Eu tenho coisas melhores para fazer, garoto."
DLG3_1708468117,-- Indigo snakes fell [color=yellow]on the gem of his axe...[/color],-- Serpientes de color índigo caían [color=yellow]sobre la gema de su hacha...[/color],-- Cobras de cor índigo caíram [color=yellow]na gema de seu machado…[/color]
DLG7_1722549314,"The seven metals are: [color=yellow]Iron, Gold, Copper, Lead, Silver, Mercury and Tin.[/color]","Los siete metales son: [color=yellow]Hierro, Oro, Cobre, Plomo, Plata, Mercurio y Estaño.[/color]","Os sete metais são: [color=yellow]Ferro, Ouro, Cobre, Chumbo, Prata, Mercúrio e Estanho.[/color]"
DLG14_1671134583,Ahuizotes! Deal with this insolent one.,¡Ahuizotes! Encargense de este insolente.,Ahuizotes! Lidem com esse insolente.
DLG24_1705010680,It is also a process that requires considerable use of mana.,Y además es un proceso que requiere un considerable uso de maná.,E também um processo desses necessita um uso considerável de mana.
DLG4_1675875815,This'll be your grave.,Esta será tu tumba.,Esta será o seu túmulo.
DLG20_1719417607,Do you know him?,¿Lo conoce?,Você o conhece?
DLG3_1718635933,Everything was going well until Cavendish joined the Ahuizotes sect.,Todo iba bien hasta que Cavendish se unió a la secta de los Ahuizotes.,Tudo estava indo bem até Cavendish se uniu à seita dos Ahuizotes.
DLG20_1723066397,"The person in the photo is Jean Neumann, next to him is his son, ike Neumann.","La persona de la foto es Jean Neumann, a su lado está su hijo, ike Neumann.","A pessoa da foto é Jean Neumann, próximo a ele é seu filho, ike Neumann."
DLG7_1671134583,So you refuse to talk... Then it will be the hard way.,Asi que te niegas a hablar... entonces será por las malas.,Então se recusa a falar...Então será da maneira difícil.
DLG1_1671136236,It looks like this is a map of the city... There's also a letter.,Parece que esto es un mapa de la ciudad... Hay también una carta.,Parece que este é um mapa da cidade... Há também uma carta.
DLG7_1705090606,I ran into that bastard john and his followers.,Me topé con el desgraciado de john y sus seguidores.,Eu topei com aquele maldito do john e seus seguidores.
DLG8_1722530103,What do you mean?,¿A qué te refieres?,O que você quer dizer?
DLG1_1726588962,Damn brat.,Maldito mocoso.,Maldito pirralho.
DLG1_1726182471,"Uh... you're an official Alchemist, right?","Uh... eres un Alquimista oficial, ¿verdad?","Uh... você é um Alquimista Oficial, certo?"
DLG13_1722530103,"Well, the legend said something like that, it was a belief of the first sorcerers, wanting to explain the origin of everything.","Bueno, algo así decía la leyenda, era una creencia de los primeros hechiceros, queriendo explicar el origen de todo.","Bem, a lenda diz algo parecido com isso, foi uma crença dos primeiros feiticeiros, querendo explicar a origem de tudo."
DLG3_1718311861,"Brothers, we are gathered here to purify the soul of this person...","Hermanos, estamos reunidos aquí para purificar el alma de esta persona...","Irmãos, estamos reunidos aqui para purificar a alma desta pessoa…"
DLG29_1722530103,"Of course, although as I am in charge of the research I have to be present.","Claro, aunque como estoy encargada de la investigación tengo que estar presente.","Mas é claro, embora eu sou responsável pela investigação eu tenho que estar presente."
DLG8_1723667871,... Xiquiripat?,... ¿Xiquiripat?,... Xiquiripat?
DLG3_1705071479,What's up?,¿Qué pasa?,O que houve?
DLG26_1722549314,The guardian of the night must be the one who delivers us from darkness...,La guardiana de la noche debe ser aquella que nos libra de la oscuridad...,A gusrdiã da noite deve ser aquela que nos livra da escuridão…
DLG4_1706224082,"If you want you can join me, it's on me.","Si quieres puedes acompañarme, yo invito.","Se quiser me acompanhar, é por minha conta."
DLG2_1712768333,It can't be... how come you have so much power...,No puede ser... cómo es que tienes tanto poder...,Não pode ser... como é que você tem tando poder…
DLG13_1723667871,I have come to check something...,He venido a comprobar algo...,Eu vim checar algo…
DLG11_1713547682,So you're Nabig. The one causing all this trouble.,Así que eres Nabig. El que está causando todos estos problemas.,Então você é Nabig. O que está causando todos esses problemas.
DLG21_1686779687,Right.,Cierto.,Certo.
DLG66_1671137942,People who matter a lot to me live in the_outpost.,En the_outpost viven personas que me importan mucho.,Em the_outpost vivem pessoas que eu me importo bastante.
DLG14_1724085796,Thank you!,¡Gracias!,Obrigado!
DLG39_1705090606,"Mrs. Alessa, I want to tell you something about the city of Birstall.","Señora Alessa, quiero decirle algo sobre la ciudad de Birstall.","Senhora Alessa, Eu quero te dizer algo sobre a cidade de Birstall."
DLG7_1726518782,I'm here to help you Nabig!,¡Estoy aquí para ayudarle señorita Nabig!,Estou aqui para te ajudar Nabig!
DLG20_1713547682,"See you soon, Alchemist.","Nos veremos pronto, Alquimista.","Te vejo em breve, Alquimista."
DLG1_1718387263,The hell is Opus Magnum?,¿Qué rayos es el Opus Magnum?,O que diabos é Opus Magnum?
DLG9_1713547682,"Anyway, what can you do, education does not seem to be within the reach of simple peasants.","En fin, qué se le va a hacer, la educación no parece estar al alcance de simples campesinos.","Enfim, o que vá fazer, educação não parece estar ao alcance de pessoas rústicas."
DLG14_1671137942,Just hold on a little longer...,Solo aguanta un poco más...,Apenas aguente um pouco mais…
NABIGDOTX3,Nabig...,Nabig...,Nabig…
DLG14_1705071479,"Well... and haven't you wondered why they are so resilient, strong and violent as wild animals?","Bueno... ¿y no te has preguntado porque son tan resistentes, fuertes y violentos como animales salvajes?","Bem... e não sei se já percebeu o motivo deles serem tão resilientes, fortes e violentos como animais selvagens?"
DLG1_1722984911,I finally opened it.,Finalmente la he abierto.,Finalmente se abriu.
DLG27_1718748417,Do you remember any of that?,¿Recuerdas algo de eso?,Você lembra alguma coisa disso?
DLG3_1723066161,And this is where the research is stalled.,Y es aquí donde la investigación queda estancada.,E é aqui que a investigação está parada.
DLG15_1723667871,I see... you are the Toziuha with whom john made a pact.,Ya veo... eres el Toziuha con quien john hizo un pacto.,Entendo... você é o Toziuha com quem john fez um pacto.
DLG14_1705090606,"I've been pretty good to you, Nabig. I'll continue to let you go where you need to go...","He sido bastante buena contigo, Nabig. Seguiré dejando que vayas a donde tengas que ir...","Eu tenho sido bem legal com você, Nabig. Eu continuarei deixando você ir aonde você precisa ir…"
DLG29_1705354727,I hear noises on the roof of the carriages...,Escucho ruidos en el techo de los vagones...,Eu ouço sons no teto dos vagões…
DLG4_1671134583,"So you've done your homework? Good for you, boy.","¿Así que has hecho tu tarea? Qué bien por ti, chico.","Então você fez a lição de casa? Bom para você, garoto."
DLG3_1725643091,At the moment we can only offer you drinks.,De momento solo podemos ofrecerle bebidas.,No momento só podemos te oferecer bebidas.
DLG4_1724085796,Uhm... you look a little exhausted...,Uhm... te veo algo agotado...,Uhm... você parece um pouco exausto…
DLG41_1705090606,The citizens of Birstall profess a religion that flies in the face of logic.,Los ciudadanos de Birstall profesan una religión que va en contra de la lógica.,Os cidadãos de Birstall seguem uma religão que desafia a lógica.
DLG63_1705090606,I'm sure she will at least let them do their job.,Estoy segura que al menos ella les dejara hacer su trabajo.,Tenho certeza que ela pelo menos nos deixará fazer o trabalho.
DLG20_1705010680,"If you know how to use them at the right moment, they help you a lot on the battlefield.",Si sabes usarlos en el momento adecuado te ayudan bastante en el campo de batalla.,"Se você sabe como usá-los no momento certo, será de grande valia no campo de batalha."
DLG3_1709065925,Mrs. Alessa...,Señora Alessa...,Senhora Alessa...
DLG1_1708468117,There is a text at the foot of the statue...,Hay un texto a los pies de la estatua...,Há um texto ao pé da estátua…
DLG5_1723066397,What is that on the table?,¿Qué es eso que está en la mesa?,O que é isso na mesa?
DLG16_1677779048,Make fire emerge from the depths.,Que el fuego emerga desde las profundidades.,Que as chamas emerjam das profundezas.
DLG3_1686779687,"What took you so long?! I was here for a while, thought it would be my end.","¿¡Por qué te has tardado tanto!? Estuve aquí mucho tiempo, pensé que sería mi fin.","E a demora?! Eu estava aqui faz tempo, pensava que seria o meu fim."
DLG6_1704732290,The doctor said you suffered a chlorine gas attack.,El médico dijo que sufriste un ataque de gas cloro.,O médico disse que você sofreu um ataque de gás cloro.
DLG10_1690912410,It was to be expected that john' scum would use children for dirty work....,Era de esperarse que esa basura de john use a niños para el trabajo sucio...,Já era esperado que aquele babaca do john usaria crianças para o trabalho sujo....
DLG4_1712764975,For the resurrection of Athos to take place... Sacrifices must be made according to his will.,Para que la resurrección de Athos se dé... Sacrificios deben hacerse según su voluntad.,Para que a ressurreição de Athos aconteça... Sacrifícios precisam ser feitos de acordo com sua vontade.
DLG23_1704732290,Anyway... it's your decision.,En fin... es tu decisión.,De qualquer maneira… é a sua decisão.
DLG5_1723844799,"I have good news Nabig, I have been promoted to the rank of Alchemist.","Tengo buenas noticias señorita Nabig, me han promovido al rango de Alquimista.","Eu tenho ótimas notícias Nabig, fui promovido a Alquimista."
DLG14_1706222258,Do I know you?,¿Te conozco?,Te conheço?
DLG23_1671137942,"Don't give up hope, Nabig.",No pierdas las esperanzas Nabig.,"Nabig, não perca as esperanças."
IUNDERSTAND,I understand...,Entiendo...,Entendo…
DLG34_1671137942,Eh?,¿Eh?,Eh?
DLG26_1718897790,I have a rare box-shaped object that might be worth something. It's called [color=yellow]Daguerreotype[/color].,Tengo un objeto raro con forma de caja que podría valer algo. Se llama [color=yellow]Daguerrotipo.[/color],Eu tenho um raro objeto em forma de caixa que pode valer alguma coisa. É chamado de [color=yellow]Daguerreótipo[/color].
DLG17_1723667871,You are not on john' side?,¿No estás del lado de john?,Você não está do lado do john?
DLG16_1723667871,Yes... you have what it takes... You will be useful to me.,Sí... tienes lo necesario... Me serás de utilidad.,Sim... você tem o necessário... Você será útil para mim.
DLG17_1722530103,"Jean Neumann had discovered a way to reverse this process, creating the ""inverse dispersion prism"".","Jean Neumann había descubierto la manera de invertir este proceso, creando el ""Prisma de dispersión inversa"".","Jean Neumann descobriu uma forma de reverter esse processo, criando o ""prisma de dispersão reverso""."
DLG28_1677779048,"Control this atomic movement, and once you do...","Controla ese movimiento atómico, y una vez que lo logres...","Controle este movimento atômico, ao conseguir fazê-lo…"
DLG30_1705354727,I'd better hurry up and get this thing done.,Mejor me doy prisa y termino con este asunto.,É melhor me apressar e terminar com isso.
DLG36_1718897790,"Thank you. I have three kittens, they are sneaky and don't go near strangers.","Gracias. Tengo tres gatitos, son escurridizos y no se acercan a desconocidos.","Obrigado. Eu tenho três gatinhos, eles são bem ariscos e não ficam perto de estranhos."
DLG5_1705071479,"Ah... just now, what a nuisance...","Ah... justo ahora, qué molestia...","Ah... logo agora, mas que aborrecimento…"
DLG10_1705075346,"Oh, wait, you don't have [color=yellow]Sulfuric acid[/color]?","Oh, espera, ¿no traes [color=yellow]Ácido sulfúrico[/color]?","Oh, espere, você não tem [color=yellow]Ácido sulfúrico[/color]?"
DLG56_1718897790,So this is the Daguerreotype...,Ya... así que este es el Daguerrotipo...,Então este é o Daguerreótipo...
DLG24_1722530103,"Strange, how did the Ahuizotes know about Neumann's research?","Es extraño, ¿cómo los Ahuizotes sabían de su investigación?","Estranho, como os Ahuizotes sabiam do estudo de Neumann?"
DLG34_1706222258,"Don't worry, I didn't come to this city with hostile intentions, I'm just going to do some culinary tourism.","Descuida, no vine a esta ciudad con intenciones hostiles, solo haré algo de turismo culinario.","Não se preocupe, eu não vim à esta cidade com intenções hostis, estou apenas fazendo turismo culinário."
DLG43_1718897790,I see... in short. Is it three cats I have to find?,Ya... en resumen. ¿Son tres gatos los que debo encontrar?,Entendo... resumindo. São três gatos que eu tenho que encontrar?
DLG11_1718387263,john... I'm making sure you go out slow.,Maldito john... me aseguraré de que tengas una muerte lenta y dolorosa.,Maldito john... Terei a certeza que você morra de uma forma lenta e dolorosa.
DLG11_1705075346,It is a necessary compound in transmutation. [color=yellow]The store[/color] nearby sells Sulfuric Acid to official Alchemists.,Es un compuesto necesario en la transmutación. [color=yellow]La tienda[/color] que está cerca vende Ácido sulfúrico a los Alquimistas oficiales.,É um componente necessário na transmutação. [color=yellow]A loja[/color] próxima vende Ácido Sulfúrico para Alquimistas oficiais.
DLG6_1722530103,He was an important scientist specialized in optics...,Fue un importante cientifico especializado en óptica...,Ele foi um importante cientista especializado em ótica…
DLG27_1722530103,"Anyway, we have not found any other clues in their laboratory that could lead us to the Ahuizotes' true intentions...","En fin, no hemos encontrado más pistas en su laboratorio que nos guíen hacia las verdaderas intenciones de los Ahuizotes..","De qualquer forma, nós não encontramos qualquer outra pista no laboratório que nos leve às verdadeiras intenções dos Ahuizotes..."
HOWCUTE,How cute...,Qué lindo...,Que lindo…
DLG2_1723066161,There is something blocking the way...,Hay algo que impide el paso...,Tem algo bloqueando o caminho…
DLG2_1726182471,It's a good thing you've arrived...,Qué bueno que has llegado...,Que bom que chegou…
DLG3_1705004200,Huh?,¿Eh?,Huh?
DLG10_1713547682,My name is shay Avicenna. [color=yellow]Adeptis Quinto.[/color],Mi nombre es shay Avicena. [color=yellow]Adeptis Quinto.[/color],Meu nome é shay Avicenna. [color=yellow]Adeptis Quinto.[/color]
DLG13_1705010680,"Oh, Nabig, how nice to see you again.","Oh, Nabig, qué gusto verte de nuevo.","Oh, Nabig, que bom te ver novamente."
DLG2_1726501446,"I was good to you, but you're no good to me anymore.","Fui bueno contigo, pero ya no me sirves para nada.","Eu fui bom com você, mas você não tem mais nenhuma serventia."
DLG6_1726182471,"No time to lose! Ah! I was completely defeated... I was confident of my strength, but it wasn't enough...","¡No hay que perder tiempo! ¡Ah! me ha vencido completamente... estaba confiado de mi fuerza, pero no ha sido suficiente...","Não há tempo a perder! Ah! Me derrotou completamente... Eu estava tão confiante da minha força, mas não foi o bastante…"
DLG5_1722530103,Jean Neumann? Who is he?,¿Jean Neumann? ¿Quién es él?,Jean Neumann? Quem é ele?
DLG8_1712163955,We must meet him at the Abbey of Athos.,Debemos reunirnos con él en la Abadía de Athos.,Nós devemos encontrá-lo na Abadia de Athos.
DLG4_1723066161,"It seems that  Neuman has put up a barrier that prevents us from seeing more of his lab, even the Ahuizotes have not been able to remove it.","Al parecer Jean Neuman ha puesto una barrera que impide ver más de su laboratorio, incluso los Ahuizotes no han podido quitarla.","Parece que Neumann colocou uma barreira que nos previne de ver mais coisas em seu laboratório, até mesmo os Ahuizotes não são capazes de remover."
DLG18_1671137942,"They want to create the ultimate Iron Alchemist, someone with a lot of power...","Ellos quieren crear al Alquimista de Hierro definitivo, alguien con mucho poder...","Eles querem criar o Alquimista de Aço definitivo, alguém com muito poder…"
DLG7_1704732290,It has been one week since the treatment started.,Ha pasado una semana desde que comenzó el tratamiento.,Se passou uma semana desde que o tratamento se iniciou.
DLG8_1677104432,I often have the same dream.,A menudo tengo el mismo sueño.,Frequentemente eu tenho esse mesmo sonho.
DLG19_1706222258,"And keep your composure Nabig, let's avoid unnecessary damage.","Y mantenga la compostura señorita Nabig, evitemos daños innecesarios.","E mantenha sua compostura Nabig, vamos evitar danos desnecessários."
STAYBACKAURA,"Stay behind me, Aura.","Quédate detrás de mí, Aura.","Fique atrás de mim, Aura."
DLG8_1718897790,And you are also a bounty hunter.,Y también es un cazarrecompensas.,E você também é um caçador de recompensas.
DLG26_1705071479,"In any case, it would not be possible since the Ahuizotes' bodies disintegrate for some reason when they die.",De todas formas no se podría ya que los cuerpos de los Ahuizotes se desintegran por alguna razón al morir.,"De qualquer forma, isso não seria possível já que os corpos dos Ahuizotes desintegram quando morrem por algum motivo."
DLG10_1719417607,But we will not let her sacrifice be in vain.,Pero no dejaremos que su sacrificio sea en vano.,Mas não deixaremos o sacrifício dela ser em vão.
DLG17_1686779687,This is [color=yellow]Magnesium Powder[/color].,Esto es [color=yellow]Polvo de Magnesio.[/color],Se chama [color=yellow]Pó de Magnésio[/color].
DLG13_1718897790,And your father offered me something in exchange for helping him.,Y tu padre me ofreció algo a cambio de ayudarle.,E seu pai me ofereceu algo em troca de ajudá-lo.
DLG5_1705004200,"Yes, my name is Gabriel Éclair.","Sí, me llamo Gabriel Éclair.","Sim, meu nome é Gabriel Éclair."
DLG14_1677779048,You will be able to make the earth tremble.,Serás capaz de hacer que la tierra se estremezca.,Você será capaz de estremecer a terra.
DLG26_1719417607,"The Order managed to control the situation by dismantling their marketing networks, but shay had escaped and we have not been able to trace his whereabouts since.","La Orden logró controlar la situación desmantelando sus redes de mercadeo, pero shay había escapado y no hemos podido dar con su paradero desde entonces.","A Ordem conseguiu controlar a situação ao desmantelar a rede de publicidade deles, mas shay conseguiu escapar e não fomos capazes de rastrear seu paradeiro desde então."
DLG10_1723844799,I understand you...,Te entiendo...,Te entendo…
DLG42_1718748417,"Thank you very much, Miss...","Muchas gracias, señorita...","Muito obrigado, Senhorita..."
DLG2_1723667777,I feel the presence of someone...,Siento la presencia de alguien...,Eu sinto a presença de alguém…
DLG21_1722530103,And where is Neumann now?,¿Y en donde está Neumann ahora?,E onde está Neumann agora?
DLG2_1726588962,"Nabig, next time you won't be so lucky.","Nabig, la proxima vez no tendrás tanta suerte.","Nabig, próxima vez você não será tão sortuda."
DLG3_1675875857,But you have already lost the battle by confronting me.,Pero la batalla ya la has perdido al enfrentarte a mí.,Mas você já perdeu a batalha ao me confrontar.
DLG49_1671137942,What the heck are you doing here?,¿Qué rayos haces aquí?,Que diabos está fazendo aqui?
DLG7_1690912429,"But he also has little experience, he does not seem to be able to manipulate large quantities of the element or generate Ozone.","Pero también tiene poca experiencia, no parece ser capaz de manipular grandes cantidades del elemento o generar Ozono.","Mas ele é bem inexperiente, ele aparenta não ser capaz de manipular grandes quantidades do elemento ou gerar Ozônio."
DLG5_1712764975,Y'all are seriously messed up.,Ustedes realmente están mal de la cabeza.,Vocês tem problema na cabeça.
DLG1_1706222258,Hey Miss.,Hey Señorita.,Ei Senhorita.
DLG9_1677779048,Don't let his sacrifice be in vain.,No dejes que su sacrificio sea en vano.,Não deixe que seu sacrifício seja em vão.
DLG41_1723066397,That child is the same one I knew at the orphanage...,Ese niño es el mismo que yo conocí en el orfanato...,Essa criança é a mesma que eu conhecia no orfanato…
DLG43_1705004200,"Don't push me, things have happened. I'll figure out a way to bring her back.","No me presiones, han pasado cosas. Ya veré la manera de traerla.","Não me pressione, coisas aconteceram. Eu acharei um jeito de tê-la de volta."
DLG29_1705010680,"After helping in The Order, I am completely exhausted.","Después de haber ayudado en La Orden, estoy completamente agotado.","Após ajudar A Ordem, estou completamente exausto."
DLG4_1725643091,Ah... I really need to buy the saucer I was ordered...,Ah... realmente necesito comprar el platillo que me encargaron...,Ah... Eu realmente preciso comprar o prato que eu pedi…
DLG55_1718897790,"Here, this is the box I mentioned to you.","Tenga, esta es la caja que le había mencionado.","Aqui está, esta é a caixa que falei a você."
DLG28_1705010680,But?,¿Pero?,Mas?
DLG3_1724085796,Hello Nabig!,¡Hola Nabig!,Olá Nabig!
DLG16_1722530103,It is known that visible light is actually composed of all colors and that by using a prism light can be broken down.,Se sabe que la luz visible está realmente compuesta de todos los colores y que usando un prisma se puede descomponer la luz.,É conhecido que a luz visível é composta de todas a cores e ao usar um prisma a decompõe.
DLG17_1705004200,I guess I'll keep an eye out if I find anything.,Supongo que estaré atenta si encuentro algo.,Eu acho que ficarei de olho se encontro algo.
DLG25_1722530103,Possibly someone among them knew Neumann very well.,Posiblemente alguien de ellos conocía muy bien a Neumann.,Possivelmente alguém entre eles conhecia Neumann muito bem.
DLG12_1690912429,Lord Trithemius has granted me an Elemental Circuit to manipulate small amounts of [color=yellow]Aluminum[/color].,El señor Trithemius me ha otorgado un Circuito Elemental para manipular pequeñas cantidades de [color=yellow]Aluminio.[/color],Vossa Eminência Lorde Trithemius me concedeu um Circuito Elemental que manipula pequenas quantidades de [color=yellow]Alumínio[/color].
DLG8_1723844799,"Heh, heh, heh... Although I must say it's been exhausting...","Je, je, je... Aunque debo decir que está siendo agotador...","He, he, he... Porém, eu devo dizer que tem sido bem exaustivo..."
DLG51_1718897790,"There, there are the three cats I found in the_outpost.","Listo, ahí están los tres gatos que encontré en the_outpost.","Aqui, aqui estão os três gatos que encontrei em the_outpost."
DLG19_1723667871,"We only grant part of our power, but we do not covenant any allegiance.","Nosotros solamente otorgamos parte de nuestro poder, pero no pactamos ninguna lealtad.","Nós apenas concedemos parte do nosso poder, mas nós não firmamos nenhum pacto de lealdade."
DLG31_1705010680,What is it?,¿Qué cosa?,O que seria?
DLG38_1718748417,Stay close to me,Mantente cerca de mí,Fique perto de mim
DLG2_1678397417,"When handling, please note that they are resistant to impact [color=yellow]but not to prolonged exposure to fire/heat.[/color]","Al manipular estos contenedores, tenga en cuenta que son resistentes al impacto, [color=yellow]pero no a la exposición prolongada al fuego/calor.[/color]","Ao manipular estes contêineres, por favor saiba que são resistentes ao impacto, [color=yellow] mas não à exposição prolongada ao fogo ou calor.[/color]"
DLG2_1726523748,Ah... Did we make it?,Ah... ¿Lo logramos?,Ah...conseguimos?
DLG1_1712253339,What the hell was that?,¿Qué demonios ha sido eso?,Mas que diabos foi isso?
DLG15_1724085796,"Nabig, excuse me for butting in, but why did you decide to become an Alchemist?","Este... señorita Nabig, perdón que me entrometa, ¿pero por qué decidió usted ser Alquimista?","Nabig, me desculpe por me intrometer, mas qual foi o motivo que você decidiu se tornar uma Alquimista?"
DLG8_1718312954,"elsa Boyle, [color=yellow]Adeptis tercera.[/color]","elsa Boyle, [color=yellow]Adeptis tercera.[/color]","elsa Boyle, [color=yellow]Adeptis tercera.[/color]"
DLG23_1722530103,I am not surprised...,No me sorprende...,Não me surpreende…
DLG9_1718897790,I guess...,Supongo...,Provavelmente…
DLG15_1690912410,"The Order killed my father, who was only helping the noble cause of the Ahuizotes...","La Orden mató a mi padre, quien solo ayudaba a la noble causa de los Ahuizotes...","A Ordem matou meu pai, que estava apenas ajudando a nobre causa dos Ahuizotes..."
DLG5_1719417607,"As expected, the Ahuizotes were behind the assault.","Como era de esperarse, los Ahuizotes estaban detrás del asalto.","Como esperado, os Ahuizotes estavam por trás do assalto."
DLG15_1706222258,Our lord has informed us of your actions against the Ahuizotes.,Nuestro señor nos ha puesto al tanto de tus acciones contra los Ahuizotes.,Vossa Eminência nos informou sobre suas ações contra os Ahuizotes.
DLG41_1671137942,"Uh, well... I think... Who are you? How do you know my name?","Eh... bien, creo... ¿quién eres tú? ¿cómo sabes mi nombre?","Uh...bem, eu acho...Quem é você? Como sabe o meu nome?"
DLG4_1726182471,"The peace in the entire continent is in danger, he must be stopped before he releases the seal.","La paz en todo el continente está en peligro, debe ser detenido antes que libere el sello.","A paz no continente inteiro está em perigo, ele deve ser parado antes de liberar o selo."
DLG27_1705004200,That's all I can say.... If you find anything please come and see me.,Eso es todo lo que puedo decir... Si encuentra algo por favor venga a verme.,Isso é tudo que eu posso dizer.... Se encontrar algo por favor venha aqui e me conte.
DLG14_1718748417,Someone has killed these Ahuizotes... You haven't seen anyone else?,Alguien ha asesinado estos Ahuizotes... ¿No has visto a nadie más?,Alguém matou esses Ahuizotes... Você não viu algo mais?
DLG3_1726523748,Yes! We've broken their titanium!,¡Sí! ¡Hemos roto a su titanio!,Sim! Conseguimos quebrar o titânio!
DLG3_1712163955,"Brother, stop right now.","Hermano, detente ahora mismo.","Irmão, pare agora mesmo."
DLG45_1718897790,Thank you Nabig.,Gracias señorita Nabig.,Obrigado Nabig.
DLG22_1705090606,Excellent. I'm glad you understood.,Excelente. Me alegra que lo hayas entendido.,Excelente. Fico feliz que entendeu.
DLG5_1709065925,Ah... Do I have to go?,Ah... ¿Tengo que ir?,Ah... Eu tenho que ir?
DLG18_1712163955,Our Lord has not commanded me to fight an Alchemist.,Nuestro Señor no me ha ordenado pelear contra una Alquimista.,Vossa Eminência não me ordenou lutar contra uma Alquimista.
DLG28_1724085796,You're alright. Don't sell yourself short.,No está mal. No te subestimes.,Você está bem. Não se subestime.
DLG29_1677779048,The pain will disappear.,El dolor desaparecerá.,A dor desaparecerá.
DLG23_1718897790,"And since there is still danger in the_outpost, I cannot go there.","Y como sigue habiendo peligro en the_outpost, no puedo ir allá.","E desde que ainda é perigoso em the_outpost, eu não posso ir até lá."
DLG2_1726504460,"You see? No matter what you do, you're still the same pathetic little nobody to me.","¿Lo ves? No importa nada de lo que hagas, para mí sigues siendo el mismo patético don nadie.","Percebe? Não importa o que você faz, para mim você sempre será o mesmo don-ninguém patético."
DLG4_1712768333,You have no choice but to surrender or die.,Ya no tienes otra opción mas que rendirte o morir.,Você não tem escolha apenas em se render ou morrer.
DLG23_1712163955,You scared to fight or something?,¿Acaso tienes miedo de pelear?,Está com medo de lutar?
DLG35_1671137942,Nabig!,¡Nabig!,Nabig!
DLG34_1705010680,Yeah... So I bring you food and it will help me improve my Elemental Circuits?,Ya... ¿Así que le traigo comida y me ayudará a mejorar mis Circuitos Elementales?,"Entendo… Então se eu trouxer comida, você me ajudará a melhorar meus Circuitos Elementais?"
DLG13_1677779048,"But first, your power must awaken…",Pero antes tu poder debe despertar...,"Mas primeiro, seu poder precisa ser despertado…"
DLG42_1723066397,john... What is that bastard up to with all this?,john... ¿Ese bastardo qué es lo que pretende con todo esto?,john... O que esse maldito pretende com tudo isso?
DLG4_1722530103,"I have been ordered to investigate this place, it is a secret entrance to the laboratory of [color=yellow]Jean Neumann.[/color]","Me han ordenado investigar este lugar, es una entrada secreta al laboratorio de [color=yellow]Jean Neumann.[/color]","Me ordenaram  a investigar esse lugar, é uma entrada secreta ao laboratório do [color=yellow]Jean Neumann.[/color]"
DLG19_1712163955,I only came for my brother.,Solo he venido por mi hermano.,Eu apenas vim pelo meu irmão.
DLG15_1718897790,Huh? Yes... thanks anyway.,¿Eh? Sí... gracias de todas formas.,Huh? Sim... obrigado por tudo.
DLG27_1705010680,I would like to help my dear student improve their Elemental Circuits. But...,Me gustaría ayudar a mi querido discípulo a mejorar sus Circuitos Elementales. Pero...,Eu gostaria de ajudar ao meu querido discípulo a melhorar os Circuitos Elementais. Mas…
